time [s];GER pos. energy aFRR [MWh];GER neg. energy aFRR [MWh];GER pos. aFRR costs [EUR];GER neg. aFRR costs [EUR];GER pos. energy mFRR [MWh];GER neg. energy mFRR [MWh];GER pos. mFRR costs [EUR];GER neg. mFRR costs [EUR];GER AEP [EUR/MWh];Solar AEP costs [EUR];Solar Marktprämie [EUR];Wind offshore AEP costs [EUR];Wind offshore Marktprämie [EUR];Wind onshore AEP costs [EUR];Wind onshore Marktprämie [EUR];Aluminium AEP costs [EUR];Steel AEP costs [EUR];Cement AEP costs [EUR];Paper AEP costs [EUR];Chlorine AEP costs [EUR];Gas AEP costs [EUR];
840;28.813487663149196;-105.79091109318487;1701.3912457891665;361.80060356004634;0.0;0.0;0.0;0.0;-20.692908116042815;0.0;0.0;1.0579753421188347e-06;4416.090266266932;1.9043532102583902e-05;13647.202366625424;0.0;0.0;-335.6594148526412;-145.02555736186332;-527.3372239696133;-611.7239448407807
1740;19.07327336276621;-73.29450557472364;1104.5053738593806;14.934192785343669;0.0;32.758397309674486;0.0;0.0;-45.924598117260466;0.0;0.0;-2.681700295579315e-06;4002.0735194009985;8.045125276696159e-06;13466.05811764351;0.0;0.0;0.0;0.0;0.0;0.0
2640;13.301587231028916;-35.41030488202694;598.5745282017567;-335.76201504813605;0.0;0.0;0.0;0.0;-11.88727981886172;0.0;0.0;-14.077556888841173;3993.2528284215;1.0760406451513385e-05;13960.406799158493;0.0;0.0;-215.4249154062796;-92.07021182068698;-307.5903919515157;-38.34696166287188
3540;0.7532365052619735;-19.369663688460395;32.19975074861677;-208.7178054162583;0.0;0.0;0.0;0.0;9.481843800133221;-0.0;0.0;-4.728851919767136e-07;3808.0183173525;-7.093342392732712e-07;14152.009531024252;-0.0;-0.0;-0.0;-0.0;-0.0;-0.0
4440;1.2120475326452553;-15.947008095806751;54.92269900884621;-76.99848083391113;0.0;0.0;0.0;0.0;1.4981907640971928;-0.0;0.0;9.432977049913695e-08;3606.4025229645;5.974206882664304e-07;14448.618739717245;-0.0;-0.0;-0.0;-0.0;-0.0;-0.0
5340;0.06235637939068746;-54.78935523657007;2.872644799654145;-179.52778113301966;0.0;0.0;0.0;0.0;3.2279339269887797;-0.0;0.0;-3.817585094552106e-07;3612.703016164498;3.6267069248478186e-06;14935.466960234498;-0.0;-0.0;-0.0;-0.0;-0.0;-0.0
6240;0.00038343337582563247;-69.88480937742509;0.01766407709752042;-275.5672998093587;0.0;0.0;0.0;0.0;3.942933379074635;-0.0;0.0;-0.0;3617.743411223999;-2.4989229672301913e-06;15319.354282091255;-0.0;-0.0;73.81955708140593;32.179919211910374;103.80709400204032;8.747325350948998
7140;2.3577555714947587e-06;-49.999125437709296;0.0001086175038944213;-308.76123277102624;0.0;0.0;0.0;0.0;6.175330788497663;-0.0;0.0;-1.450334590017512e-07;3618.9195032880016;1.3363884917906198e-06;15394.44982374431;-0.0;-0.0;91.32004231769932;43.07568048151653;117.12516631478894;21.122662026040956
8040;8.53704599115796;-43.3691987299387;411.0048790356545;-111.21430356411325;0.0;0.0;0.0;0.0;-8.606719708649136;0.0;0.0;-4.3960288115363035e-07;3263.8236855570008;-9.75267009781826e-06;15458.999262420486;0.0;0.0;0.0;0.0;0.0;0.0
8940;11.048737002284092;-29.264932486021337;496.3374781115261;6.529047183615254;0.0;0.0;0.0;0.0;-27.605463816200384;0.0;0.0;-9.9345135203855e-08;3024.4049294048996;-8.344957926216917e-06;15581.597734773643;0.0;0.0;-511.0031116722354;-233.42267941229764;-678.279274928105;-720.8611100359071
9840;0.39603320311874113;-49.771935102204445;14.970055077888409;-184.39366406203527;0.0;0.0;0.0;0.0;3.4313015553703554;-0.0;0.0;-8.515432867417715e-08;3010.2918237045005;2.4390662032523938e-06;15406.132364578358;-0.0;-0.0;-0.0;-0.0;-0.0;-0.0
10740;1.7196950108405518;-39.79612520473452;71.29324956500949;-176.9732832630176;0.0;0.0;0.0;0.0;2.775471155249087;-0.0;0.0;-1.062323188726432e-07;3138.9058995525015;2.6558166674247587e-06;15598.235125941246;-0.0;-0.0;70.9078934318049;32.51317947450767;93.31752897084739;-0.0
11640;52.37304575457901;-34.83549618553786;2820.582562518546;94.2901681091629;0.0;0.0;0.0;0.0;70.23;-0.0;0.0;-7.023005571227258e-06;3389.6655438975013;-5.091669058856496e-05;16065.309397505274;-0.0;-0.0;1275.5902643157021;568.1264761428205;1791.0228137488116;1674.7826241669247
12540;7.861238939432589;-32.95521541225077;354.95358033832565;-136.42953749945488;0.0;0.0;0.0;0.0;-8.708226975329167;0.0;0.0;-5.413246857140333e-07;3411.0872217765013;6.225241270701321e-06;16084.401484856746;0.0;0.0;0.0;0.0;0.0;0.0
13440;0.05369483923443377;-91.78867984455829;2.4501375974002695;-49.93278530083833;0.0;0.0;0.0;0.0;0.5176067527637619;-0.0;0.0;-6.792999372141157e-09;3404.786728077001;1.426530485970252e-07;16376.237672962765;-0.0;-0.0;1.9631010052059599;0.872500378527539;2.5501907523020733;1.6180066392368653
14340;0.5113318226801711;-99.19294216894808;27.170658788851902;-15.433606286162519;0.0;0.0;0.0;0.0;-0.11893859921321474;-0.0;0.0;3.3292945684954214e-09;3392.1857411774995;5.104920693451829e-08;16578.750166996495;-0.0;-0.0;0.8769807825460342;0.36968822198562185;1.2685612365776004;0.2888082663110614
15240;4.0222102188719235;-18.517590833146535;188.79887602378875;-305.40482953240326;0.0;0.0;0.0;0.0;8.044352653547055;-0.0;0.0;2.107587147774942e-07;3239.7137967465;6.322742274903006e-07;17291.294131728257;-0.0;-0.0;-0.0;-0.0;-0.0;-0.0
16140;42.33069703827875;-0.2471427657572925;2145.937475840474;-4.374426953904077;0.0;0.0;0.0;0.0;50.88835973830537;-0.0;0.0;-6.368870285192562e-06;3296.418239043001;-3.311813475092423e-05;17595.40380354599;-0.0;-0.0;-0.0;-0.0;-0.0;-0.0
17040;2.4258467345391383;-17.06480067663754;110.56810429616303;-119.06277840592408;0.0;0.0;0.0;0.0;0.5802787646822388;-0.0;0.0;8.751005103029941e-09;3237.1935989670005;-3.500363838059582e-09;17862.0111628345;-0.0;-0.0;-0.0;-0.0;-0.0;-0.0
17940;0.014917922363876134;-56.085481600009786;0.6799466645300991;-107.49278603551342;0.0;0.0;0.0;0.0;1.9049717421258463;-0.0;0.0;3.599679664977189e-08;3222.0724147875007;-1.763844672786037e-06;17950.65299477024;-0.0;-0.0;-0.0;-0.0;-0.0;-0.0
18840;1.8820664606407351;-22.90021261125833;83.45232590831777;-296.6040995671593;0.0;0.0;0.0;0.0;10.14132131974819;-0.0;0.0;-5.518590386255025e-07;3062.0398780169994;6.898240492386856e-06;18479.094689391262;-0.0;-0.0;-0.0;-0.0;-0.0;-0.0
19740;0.14888403208394801;-40.54515031046673;6.608863871769331;-196.13619249312788;0.0;0.0;0.0;0.0;4.691704112337237;-0.0;0.0;5.315504634096054e-07;3049.1028643806003;-4.948103110451434e-06;18566.281887752444;-0.0;-0.0;-0.0;-0.0;-0.0;-0.0
20640;0.0009155000908773785;-74.37651188527556;0.04063844450282974;78.34763908146822;0.0;0.0;0.0;0.0;-1.0539515827208301;0.0;0.0;-5.5797052359197586e-08;3049.354884041999;6.042700580805992e-07;18801.61458939986;0.0;0.0;0.0;0.0;0.0;0.0
21540;5.233279568012845;-94.83848247727072;278.35258623633877;-33.59756737632088;0.0;0.0;0.0;0.0;-2.731482223279807;0.0;0.0;2.3836828176651697e-08;2844.7988593608;3.445521369597661e-07;18933.168161539845;0.0;0.0;-26.051552273546307;-11.056942336693634;-40.85510696477651;-31.92884133031803
22440;9.843480877938859;-31.11621885092941;544.2388119474984;-209.92821596672016;0.0;0.0;0.0;0.0;-15.715447461687532;0.0;0.0;4.2000026951427566e-07;2445.5995864991996;1.75000038871076e-05;19534.523445149738;0.0;0.0;0.0;0.0;0.0;0.0
23340;0.062485174646929785;-44.66749057108748;3.4547593108442927;-194.96382903027225;0.0;0.0;0.0;0.0;4.293443482795998;-0.0;0.0;-6.791331288218696e-09;2441.6512771940997;1.2224328993036977e-06;19707.352290182156;-0.0;-0.0;-0.0;-0.0;-0.0;-0.0
24240;0.00038422520820968504;-23.69403447336744;0.021243528933446276;-235.80909553539377;0.0;0.0;0.0;0.0;9.951520746567057;-0.0;0.0;-2.3497256198921629e-07;2444.5075008779995;-5.37079836395165e-06;19936.866451499678;-0.0;-0.0;-0.0;-0.0;-0.0;-0.0
25140;2.3626245978573433e-06;-18.913369713220238;0.00013062777488577392;-207.44293757406857;0.0;0.0;0.0;0.0;10.968052547224525;-0.0;0.0;-8.333339944025889e-09;2424.5979409674;-1.8333330444875171e-06;20076.056857820506;-0.0;-0.0;-0.0;-0.0;-0.0;-0.0
26040;6.837182331349064;-2.617807649367174;286.0375325933726;-46.335195393798976;0.0;0.0;0.0;0.0;52.0;-0.0;0.0;-0.0;2423.1698290755003;-1.5773267417292425e-05;20144.697455664165;-0.0;-0.0;-0.0;-0.0;-0.0;-0.0
26940;0.6056264274274328;-3.405373226650555;22.832116314014222;-44.506242986304635;0.0;0.0;0.0;0.0;7.741459577096251;-0.0;0.0;-3.111997584911541e-07;2556.0682402329007;-4.801370330613646e-06;20334.800095153638;-0.0;-0.0;-0.0;-0.0;-0.0;-0.0
27840;0.0037241009814857323;-28.345450112907443;0.14039860700201215;-197.2044921452504;0.0;0.0;0.0;0.0;5.26;-0.0;0.0;2.2793353408208828e-07;2602.0198402019996;-3.822262602625415e-06;20541.54012321356;-0.0;-0.0;-0.0;-0.0;-0.0;-0.0
28740;2.289972754458418e-05;-32.852631607065575;0.0008633197284308237;-209.5121789771023;0.0;0.0;0.0;0.0;2.5;-0.0;0.0;-1.666666662458738e-07;2704.5918757251006;-1.1708348210959234e-06;20515.26577455899;-0.0;-0.0;-0.0;-0.0;-0.0;-0.0
29640;1.4081184270330277e-07;-81.49092558950338;5.308606469914516e-06;-353.0893313184629;0.0;0.0;0.0;0.0;2.0;-4.666667052788398e-10;0.888332724883334;-1.9666660288445802e-07;2776.4175023676003;-1.0866660886676984e-06;20703.959234942075;-0.0;-0.0;13.688408072170093;6.331152333029671;17.510618045918655;-0.0
30540;8.658607403470628e-10;-57.45137474786141;3.264294991108426e-08;-403.0010871534775;0.0;0.0;0.0;0.0;2.46;1.9500001613437234e-09;4.8948945752499995;-0.0;2786.0782593735007;1.0724992989707973e-06;20723.096779697993;-0.0;-0.0;31.11787870495308;14.585190844307672;40.21059503834588;-0.0
31440;5.324231309535861e-12;-95.43848160325277;2.0072352036950196e-10;-515.8107422574666;0.0;0.0;0.0;0.0;5.404641121613513;-6.4658653316578124e-09;13.460960075050002;-5.172686384660652e-07;2875.5452678085;-1.1638589940644845e-06;20723.77863933026;-0.0;-0.0;80.69602787459372;34.52546565216868;120.36748551864838;-0.0
32340;3.273902801746094e-14;-98.56157971684739;1.2342613562582779e-12;-265.55327345807456;0.0;0.0;0.0;0.0;2.694287918486778;-1.0173215596604115e-08;26.514012272549994;-2.906633263634073e-07;2686.5304608194992;2.688633373127599e-06;20857.423249039257;-0.0;-0.0;32.95978122608912;14.154659955277051;45.602610870974765;-0.0
33240;0.5594293667126805;-198.51261146516782;27.77351479765163;488.08481855542664;0.0;0.0;0.0;0.0;-2.6059613080455963;-1.47901368794623e-08;42.558388917775;-2.8171780801589087e-07;2653.7678941815;2.9580366638910422e-06;20724.46050046199;0.0;0.0;-59.876473342861736;-24.092319791999014;-100.52697460359265;-160.10106283729263
34140;2.0493228491605033;-102.5095157256653;102.96211715992504;-294.88238176549106;0.0;-46.48989642828685;0.0;-1365.8938759769096;10.600974439364832;1.248573809382674e-07;63.22572155439997;7.969617875110605e-07;2551.6998983474996;1.0360494781264646e-05;20699.23167099975;-0.0;-0.0;167.2920082821003;70.44078145311275;281.1135438794645;55.96842866854016
35040;13.901206883409913;-35.76953761044515;700.1953026385598;-309.2567273858695;0.0;0.0;0.0;0.0;-17.876928062432462;-2.76522709425711e-07;91.77927320644989;-1.5953193242393493e-06;2612.1846365640013;2.5525128533621877e-05;20354.892242982995;0.0;0.0;-358.6228704634496;-152.317343761852;-510.08085691345184;-517.4066962462098
35940;0.4444434920652011;-61.512794824523475;21.87900725645291;-379.14771361169363;0.0;0.0;0.0;0.0;3.4;-2.2609987695432206e-08;119.38103982837498;-0.0;2641.1669067825;-1.6625005628156943e-06;20589.45217108625;-0.0;-0.0;-0.0;-0.0;-0.0;-0.0
36840;0.002732912228229991;-64.04174071766683;0.1345354528532977;-371.62245994754915;0.0;0.0;0.0;0.0;1.8;-6.52499238640303e-08;148.88637654867506;4.499993337958586e-08;2700.391546358999;1.2150010661571285e-06;20964.475309411744;-0.0;-0.0;-0.0;-0.0;-0.0;-0.0
37740;1.6804846522921463e-05;-47.2608681860935;0.0008272668305032519;-393.73312966658443;0.0;0.0;0.0;0.0;8.331045482519306;1.513963902785262e-07;174.1766651773999;-6.221777344301833e-07;2736.9344094164994;1.0369624505979355e-05;21181.988729222492;-0.0;-0.0;-0.0;-0.0;-0.0;-0.0
38640;1.0333404188463374e-07;-32.221656364623726;5.086914968035662e-06;-310.0848087819455;0.0;0.0;0.0;0.0;9.623490523904536;-1.176133399833164e-06;198.24323015315014;1.232845936506299e-06;2696.6112504390003;-1.0355891514442127e-05;21472.461196786993;-0.0;-0.0;-0.0;-0.0;-0.0;-0.0
39540;6.354074223558523e-10;-72.93712464651786;3.127975513811384e-08;-260.90141077364785;0.0;0.0;0.0;0.0;3.5770728831040763;-1.8223839407033528e-07;223.12561089237505;-4.049742602010325e-07;2729.3738170770002;-3.2397977648289656e-06;21779.980170319504;-0.0;-0.0;-0.0;-0.0;-0.0;-0.0
40440;3.907159586728087e-12;-176.27324820981138;1.9234115129669284e-10;93.34551304555738;0.0;0.0;0.0;0.0;-0.5295500820104373;-6.044504306153606e-08;242.97712776104996;4.5220817307214095e-08;3303.9788308829993;-4.522109149408046e-08;22210.915850123256;0.0;0.0;-12.638410693893988;-5.167260165914598;-21.201093653937182;-25.49298701348823
41340;2.402536624385184e-14;-153.31842934099006;1.1827176497638059e-12;-187.8231032827966;0.0;0.0;0.0;0.0;1.2250523573070577;-1.2266954109954675e-08;275.33781964572495;1.0013849615508876e-07;3494.2537370115;1.2016624092383805e-06;22406.609741522017;-0.0;-0.0;21.150916627382543;8.608940266998504;35.392205268165625;36.21980287548993
42240;1.4773346476860612e-16;-116.29245847779289;7.27260406643345e-15;-338.4298605069137;0.0;0.0;0.0;0.0;2.9101617158737767;-1.9380777899355493e-07;297.7727531100752;2.6549064571169735e-07;3469.0517627130007;2.057547222281253e-06;22652.761291462746;-0.0;-0.0;53.062198393685755;22.707234630498935;89.75290267924314;34.27876721773977
43140;9.084222230377909e-19;-86.6729355493367;4.471969274971662e-17;-325.4871763579045;0.0;0.0;0.0;0.0;3.557522659204025;8.199981493817175e-08;300.62810829944993;9.999985195463523e-08;3453.930578033999;2.249998942716047e-06;22707.99197294375;-0.0;-0.0;29.44714174899655;13.07143146910653;39.510732219960445;-0.0
44040;6.753304318373833;-51.23341927078904;327.9465691210408;-458.3251015209752;0.0;0.0;0.0;0.0;2.931164466175801;1.9462483194879356e-07;305.93091073812514;3.5602185013390894e-07;3452.6704793940003;-5.933699301120565e-06;22630.941764722505;-0.0;-0.0;86.6034064042226;37.55509908548067;126.91816856971796;-0.0
44940;12.326338912075093;-5.857287467318159;592.873029033227;-88.13616873568589;0.0;0.0;0.0;0.0;49.0;1.1392490932848882e-06;306.3388185857001;1.2249981864442816e-06;3188.0497495095;2.5725017621880404e-05;22633.669206897768;-0.0;-0.0;-0.0;-0.0;-0.0;-0.0
45840;3.2388191132425197;-8.385967381229566;147.86082937039967;-99.09051993507923;0.0;0.0;0.0;0.0;-9.47520974646289;-1.924072462073168e-06;304.7071870643249;-1.9192743307951927e-06;3126.3049121534987;-5.277970589298056e-06;22802.770547462747;0.0;0.0;0.0;0.0;0.0;0.0
46740;10.448394483740518;-9.290798215343916;485.9291646170984;-184.44083611694526;0.0;0.0;0.0;0.0;49.0;2.7072492230217912e-06;296.820968055475;1.2249981864442816e-06;2939.810302444499;3.552509224391541e-05;22971.190030557245;-0.0;-0.0;-0.0;-0.0;-0.0;-0.0
47640;64.04741421718585;-0.3985973649773294;3499.937889759097;-8.246613231398376;0.0;0.0;0.0;0.0;54.858698860582855;5.2579081100751234e-06;285.3995473844;-5.520110684764736e-06;2875.5452678085;-3.8640680658731685e-05;23149.837415152997;-0.0;-0.0;-0.0;-0.0;-0.0;-0.0
48540;12.01726109018798;-9.465218653738106;563.7135093254916;-97.76440584666658;0.0;0.0;0.0;0.0;48.429;1.2107232075777575e-06;285.127608793525;-2.4214519208953783e-06;2890.6664524875005;-5.6904067836512696e-05;23237.79738995826;-0.0;-0.0;-0.0;-0.0;-0.0;-0.0
49440;0.13397798272737424;-33.147469997355;6.22316516300967;-272.9899967663391;0.0;0.0;0.0;0.0;8.080539661939738;-3.1616994633589713e-07;272.3464951979748;2.0800625738151192e-07;2854.1235899294993;-8.944289877300614e-06;23318.93875937925;-0.0;-0.0;-0.0;-0.0;-0.0;-0.0
50340;3.6004239110430367;-15.158433191279046;169.39960415357822;-260.49875969832;0.0;0.0;0.0;0.0;7.881907111851839;7.999507947950918e-08;248.41589950505022;3.9997539739754575e-07;2886.8861565674997;5.199671981225732e-06;23494.85870371651;-0.0;-0.0;-0.0;-0.0;-0.0;-0.0
51240;8.24945674762904;-11.633333665306358;416.3794099744919;-167.33002147242115;0.0;0.0;0.0;0.0;-69.11;-7.667122228651108e-07;219.5904092553748;-1.4839596489633186e-06;2869.2447746085004;-1.830219974598594e-05;23500.99544757176;0.0;0.0;0.0;0.0;0.0;0.0
52140;49.83322617571633;-0.2679617347989121;2526.2218634169703;-5.335399172649655;0.0;0.0;0.0;0.0;50.8599417894614;4.067063700499984e-06;192.26058123795013;1.2709554196533937e-06;2845.302898950001;-1.016764335722715e-05;23446.44662572801;-0.0;-0.0;-0.0;-0.0;-0.0;-0.0
53040;79.76340960891962;-0.001647725060296576;4450.698265232013;-0.03280793405094847;0.0;0.0;0.0;0.0;55.79948777684416;-3.9409929011916704e-06;163.70702956372492;-5.609952696278602e-06;2823.8812205714994;1.9634684559144886e-05;23760.10234260602;-0.0;-0.0;-0.0;-0.0;-0.0;-294.6064791041139
53940;50.83514413937393;-1.0131963428693498e-05;2675.7918068695276;-0.0002017380180619256;0.0;0.0;0.0;0.0;52.63665882618595;-5.138258167013636e-07;129.98664473905004;5.138258167013635e-06;2774.7373706145;1.2845639576015504e-05;23726.009329137505;-0.0;-0.0;-0.0;-0.0;-0.0;-1208.753197482773
54840;147.9799619390789;-6.230207052984007e-08;9292.4075837265;-1.240499565390255e-06;0.0;0.0;0.0;0.0;62.79503971101037;-2.2187863307733582e-07;99.52952294774991;1.5848267878320647e-06;2493.7353574109993;-5.546885469417292e-05;23402.125709956275;-0.0;-0.0;-0.0;-0.0;-0.0;-2580.114554063934
55740;77.79364313240181;-0.3002506034441209;4113.229629958316;-2.392616209186733;0.0;0.0;0.0;0.0;53.047580956182735;-3.983690294719978e-07;71.92775633944997;-2.655797555542288e-06;2796.1590489929995;-0.0;23482.585219495;-0.0;-0.0;-0.0;-0.0;-0.0;-1586.7925348049605
56640;7.509470199168117;-9.690773792853207;340.5759102476203;-152.29244403289653;0.0;0.0;0.0;0.0;-47.444;5.811882474517914e-07;46.63746772177495;-4.744398369894042e-06;2662.5885851609996;2.0163767236226713e-05;23713.73584567575;0.0;0.0;0.0;0.0;0.0;0.0
57540;0.061235505446957765;-43.22509053672604;2.663744486942662;-245.43083575498036;0.0;0.0;0.0;0.0;2.6;6.500023630451324e-09;23.930595681849997;6.499990377051291e-08;2734.414211637;2.3399989004246886e-06;24120.806415434014;-0.0;-0.0;-0.0;-0.0;-0.0;-0.0
58440;0.0003765409178703271;-95.74465183967015;0.016379529927359224;-1162.0706258366426;0.0;0.0;0.0;0.0;11.98;-6.9647298697973484e-09;9.245911969875001;2.7858935315184123e-07;2638.6467095025;4.875327615832591e-06;24375.140289518742;-0.0;-0.0;9.52131562415658;4.212292016795797;11.888906169509454;-0.0
59340;2.3153734207223514e-06;-97.04215719783554;0.0001007187438014223;-1184.8258885299304;0.0;0.0;0.0;0.0;11.87;-6.541188513488886e-09;2.3114779887500005;6.541195949967447e-07;2801.1994435530005;-3.270591034270399e-06;24414.688183828745;-0.0;-0.0;28.578031140860357;12.403257698836004;38.46428407095584;-0.0
60240;3.6444703963230056;-45.07520053516949;167.71123175256642;-597.1520240141201;0.0;0.0;0.0;0.0;10.365272125844081;6.062461103465591e-16;0.2719385864250002;-1.0921155274256925e-06;2850.3432935100004;-1.0921242185699306e-06;24324.682631236505;-0.0;-0.0;-0.0;-0.0;-0.0;-0.0
61140;5.864662737742879;-23.919591734687074;290.13410637395225;-337.93261176187343;0.0;0.0;0.0;0.0;2.6473937059520476;-0.0;0.0;-0.0;2880.5856628680003;3.00301673693879e-08;24360.821225253494;-0.0;-0.0;-0.0;-0.0;-0.0;-0.0
62040;0.04216233174225565;-80.08024190751954;2.085836984956692;-993.9173165970966;0.0;0.0;0.0;0.0;11.88;-0.0;0.0;5.940004712101652e-07;2886.8861565674997;-3.2669600477674985e-06;24591.97185016226;-0.0;-0.0;-0.0;-0.0;-0.0;-0.0
62940;0.03665089966447691;-28.741504012155886;1.3955856622154033;-382.8960169324179;0.0;0.0;0.0;0.0;13.290450565106221;-0.0;0.0;1.6619493656947997e-06;2885.6260574279995;3.3239229159276953e-06;24777.43783869002;-0.0;-0.0;-0.0;-0.0;-0.0;-0.0
63840;0.0668521416552878;-6.8772219703726325;2.540381382900936;-136.16340936128537;0.0;0.0;0.0;0.0;19.620524485312835;-0.0;0.0;-1.9545880740705426e-06;2807.499937252501;-1.856862781270767e-05;24834.032239665463;-0.0;-0.0;-0.0;-0.0;-0.0;-0.0
64740;0.06391696236634632;-4.835873926713507;2.42884456992116;-80.70082437704062;0.0;0.0;0.0;0.0;16.402490716474357;-0.0;0.0;4.0855226302601825e-07;2845.302898950001;1.3482198669491795e-05;24755.618309163256;-0.0;-0.0;-0.0;-0.0;-0.0;-0.0
65640;1.3254676500925204;-20.798576878963065;62.22973133489978;-282.53473244537554;0.0;0.0;0.0;0.0;11.313293553751283;-0.0;0.0;1.1186382771962362e-06;2860.4240831295;-6.152559486758714e-06;24681.9774027545;-0.0;-0.0;-0.0;-0.0;-0.0;-0.0
66540;0.08597160769590974;-33.78866099262105;4.037891304001106;-511.731267090676;0.0;0.0;0.0;0.0;15.063883181196836;-0.0;0.0;7.572904358113754e-07;2681.490065760001;-8.708816766481443e-06;24714.024835571738;-0.0;-0.0;-0.0;-0.0;-0.0;-0.0
67440;0.0005286449923951887;-53.86055995382017;0.024829255551979425;-673.563060801559;0.0;0.0;0.0;0.0;11.71;-0.0;0.0;-1.463750495531713e-06;2816.3206282319998;-2.927735295088497e-07;24867.443391752262;-0.0;-0.0;-0.0;-0.0;-0.0;-0.0
68340;0.036774410314167845;-42.49792223815277;1.397442046664053;-576.7026285261638;0.0;0.0;0.0;0.0;13.548978676038407;-0.0;0.0;1.3653732550704644e-06;2765.9166796349996;2.730765137122274e-06;24807.43968833949;-0.0;-0.0;-0.0;-0.0;-0.0;-0.0
69240;12.479678310013469;-16.36792647585957;585.3106902215729;-355.0148853656594;0.0;0.0;0.0;0.0;-56.667;0.0;0.0;-1.4166729026783286e-06;2657.548190101501;3.25834638770175e-05;24585.835107181745;0.0;0.0;0.0;0.0;0.0;0.0
70140;0.9777844667068375;-15.947726166241633;39.07617995794363;-229.41566852018823;0.0;0.0;0.0;0.0;12.714778212406772;-0.0;0.0;-0.0;2752.0555940955014;-1.2096374642690435e-05;24562.651858518002;-0.0;-0.0;-0.0;-0.0;-0.0;-0.0
71040;0.006911496482714678;-45.77455455127434;0.26263686634315775;-598.2390741417814;0.0;0.0;0.0;0.0;13.065484638559147;-0.0;0.0;-1.665726013008767e-06;2816.3206282319998;-2.998304399466226e-06;24576.970924635265;-0.0;-0.0;-0.0;-0.0;-0.0;-0.0
71940;4.2499219867255866e-05;-165.3074054790833;0.001614970354955723;-1877.3994688424089;0.0;0.0;0.0;0.0;11.08;-0.0;0.0;-5.54000439478841e-07;2728.1137184370004;2.4930189829319706e-06;24585.153246674763;-0.0;-0.0;31.911333025019346;13.24214764821904;53.60798984269418;-0.0
72840;18.052568348779246;-81.35823524114936;953.0871457641459;-1335.112197174861;0.0;0.0;0.0;0.0;6.034610646472132;-0.0;0.0;-9.226034152186907e-07;2687.790559459501;4.059457712090667e-06;24687.4322850955;-0.0;-0.0;83.01401218704657;36.04678319133563;125.71453554748373;-0.0
73740;9.639348740424019;-16.15842458360938;440.0452294153791;-219.52237744165856;0.0;0.0;0.0;0.0;-33.8273180552488;0.0;0.0;2.800002221192698e-06;2701.6516454985003;1.5399811672978107e-05;24591.97185016226;0.0;0.0;0.0;0.0;0.0;0.0
74640;0.995437471113401;-27.037813804857244;44.714627545476816;-454.09331610494644;0.0;0.0;0.0;0.0;15.719713259385863;-0.0;0.0;1.1897820186360006e-06;2810.0201345324995;1.1897841828400884e-05;24548.332794407528;-0.0;-0.0;-0.0;-0.0;-0.0;-0.0
75540;2.6542261354794503;-12.201647214776767;110.18798454712042;-213.66198464374892;0.0;0.0;0.0;0.0;10.837900542692323;-0.0;0.0;-0.0;2598.3235505249995;-3.9696067678168936e-06;24510.830480271263;-0.0;-0.0;-0.0;-0.0;-0.0;-0.0
76440;0.19337339407323859;-50.00861738963519;7.1741529201171526;-638.3165812636212;0.0;0.0;0.0;0.0;12.669664498677003;-0.0;0.0;7.25109374790847e-13;2323.6220305214997;-8.610470795016367e-06;24472.646305455753;-0.0;-0.0;-0.0;-0.0;-0.0;-0.0
77340;0.0011890705771708653;-87.63370644929108;0.0441145184130391;-1068.0388735603617;0.0;0.0;0.0;0.0;11.7;-0.0;0.0;-0.0;2285.8190693235;9.359964860777839e-06;24644.475089467986;-0.0;-0.0;50.97093579137544;22.021345016260707;68.39910128636768;-0.0
78240;7.311668610455074e-06;-122.34171464986974;0.00027126290544788337;-1444.6801675384424;0.0;0.0;0.0;0.0;11.62;-0.0;0.0;-2.9050023044874244e-07;2334.9629192805005;1.1038999509764839e-05;24503.330016237007;-0.0;-0.0;31.59042363549465;13.467217358383245;53.103693112902334;-0.0
79140;4.4959903049919535e-08;-134.79789400454928;1.668012403152015e-06;-1595.2335983787837;0.0;0.0;0.0;0.0;11.49;-0.0;0.0;-0.0;2356.3845971595006;8.61748201714363e-06;24356.048201542493;-0.0;-0.0;33.9361466831052;13.934612233732327;56.79057790347181;-0.0
80040;72.10115578527864;-24.942336051694717;4150.7643999912125;-387.9887975755077;0.0;0.0;0.0;0.0;79.78943543695311;-0.0;0.0;-2.0143768025316924e-06;2350.0841039595;-6.848869220194511e-05;23609.411226098982;-0.0;-0.0;-0.0;-0.0;-0.0;-0.0
80940;2.854145230593469;-3.5492656834727003;105.8887880550177;-71.79215235334142;0.0;0.0;0.0;0.0;-37.1;0.0;0.0;0.0;2327.402326941;1.391247096762527e-05;23856.926497161257;0.0;0.0;0.0;0.0;0.0;0.0
81840;0.6950833879458549;-9.89081652040286;26.81904000362927;-134.7337419800345;0.0;0.0;0.0;0.0;11.735301625436746;-0.0;0.0;-2.8777111352521745e-07;2299.6801553625;-3.165503841180267e-06;23843.97115359227;-0.0;-0.0;-0.0;-0.0;-0.0;-0.0
82740;0.022031778855675525;-86.57224333680057;0.8173789955455619;-1043.729555049612;0.0;0.0;0.0;0.0;8.730253869533868;-0.0;0.0;-1.2699155946674346e-08;2294.639760303;2.9207888317714146e-07;24114.66967332327;-0.0;-0.0;0.8147694233606488;0.391881314379036;0.9639051421441341;-0.0
83640;0.00013547479050848317;-134.77376819526086;0.005026114727864728;-1605.5223078434587;0.0;0.0;0.0;0.0;11.91269575005582;-0.0;0.0;-2.0069179384204014e-08;2115.8737558524003;4.676103966121291e-06;23977.206646275055;-0.0;-0.0;50.21797451003012;20.985124893195163;77.94430929229638;-0.0
84540;8.330428759120781e-07;-216.04787262388757;3.09058906963381e-05;-2227.3490033720273;0.0;0.0;0.0;0.0;10.309515914243427;-0.0;0.0;2.465696297905493e-07;2314.8013396418996;2.6419892563127324e-07;23885.928286678572;-0.0;-0.0;32.15269355458474;12.754706108950254;55.04428366530944;-0.0
85440;5.122432228927574e-09;-226.45278242200328;1.9004223569321296e-07;-2435.6281758310543;0.0;0.0;0.0;0.0;10.755567450512585;-0.0;0.0;1.8342217503809992e-08;2202.9045738498;-5.6493841403593395e-06;23439.718938088852;-0.0;-0.0;32.38520730619543;12.766095130801224;59.242381901928326;-0.0