time [s];f [Hz];FRCE [MW];aFRR FRCE (open loop) [MW];FCR P [MW];aFRR P [MW];mFRR P [MW];SB P [MW];insufficient pos. aFRR;insufficient neg. aFRR;insufficient pos. mFRR;insufficient neg. mFRR;AEP [EUR/MWh];Solar Power [MW];Wind offshore Power [MW];Wind onshore Power [MW];Aluminium Power [MW];Steel Power [MW];Cement Power [MW];Paper Power [MW];Chlorine Power [MW];Gas Power [MW];
0;50;0.0;0.0;0.0;0.0;0.0;0.0;False;False;False;False;0.0;0.0;0.0;0.0;0.0;0.0;0.0;0.0;0.0;0.0
0;49.99644883184922;-569.4523537999994;-569.4523537999994;0.0;-58.08414008759994;0.0;0.0;False;False;False;False;-89.16;0.0;0.0;0.0;0.0;0.0;0.0;0.0;0.0;0.0
1;49.98961710141527;-569.4523537999994;-569.4523537999994;5.326752226167741;-54.437367213864746;0.0;0.0;False;False;False;False;4.979340122095107;0.0;0.0;0.0;0.0;0.0;0.0;0.0;0.0;0.0
2;49.98364207552181;-569.4523537999994;-569.4523537999994;15.574347877095107;-56.85481090183534;0.0;0.0;False;False;False;False;2.563046582903374;0.0;0.0;0.0;0.0;0.0;0.0;0.0;0.0;0.0
3;49.97876366074159;-569.4523537999994;-569.4523537999994;24.536886717289264;-58.66829159200688;0.0;0.0;False;False;False;False;1.3327731525818192;0.0;0.0;0.0;0.0;0.0;0.0;0.0;0.0;0.0
4;49.97481524723857;-569.4523537999994;-569.4523537999994;31.8545088876121;-60.53370673320204;0.0;0.0;False;False;False;False;0.5877247909022625;0.0;0.0;0.0;0.0;0.0;0.0;0.0;0.0;0.0
5;49.971628224141405;-569.4523537999994;-569.4523537999994;37.77712914214959;-62.386570637632104;0.0;0.0;False;False;False;False;0.08880072666888764;0.0;0.0;0.0;0.0;0.0;0.0;0.0;0.0;0.0
6;49.96906151205519;-569.4523537999994;-569.4523537999994;42.55766378789261;-64.23325310764744;0.0;0.0;False;False;False;False;-0.2682348978870669;0.0;0.0;0.0;0.0;0.0;0.0;0.0;0.0;0.0
7;49.966999879178644;-569.4523537999994;-569.4523537999994;46.40773191721337;-66.07315462835535;0.0;0.0;False;False;False;False;-0.5360594493701747;0.0;0.0;0.0;0.0;0.0;0.0;0.0;0.0;0.0
8;49.965349449409885;-569.4523537999994;-569.4523537999994;49.500181232033924;-67.90636107601256;0.0;0.0;False;False;False;False;-0.7441624501817767;0.0;0.0;0.0;0.0;0.0;0.0;0.0;0.0;0.0
9;49.96403377302953;-569.4523537999994;-569.4523537999994;51.975825885172355;-69.7328908150381;0.0;0.0;False;False;False;False;-0.9103381932930786;0.0;0.0;0.0;0.0;0.0;0.0;0.0;0.0;0.0
10;49.96299059443713;-569.4523537999994;-569.4523537999994;53.949340455709205;-71.55276875255345;0.0;0.0;False;False;False;False;-1.0459597276010213;0.0;0.0;0.0;0.0;0.0;0.0;0.0;0.0;0.0
11;49.96216921714968;-569.4523537999994;-569.4523537999994;55.5141083443047;-73.36601905486673;0.0;0.0;False;False;False;False;-1.1586350253195903;0.0;0.0;0.0;0.0;0.0;0.0;0.0;0.0;0.0
12;49.96152835769327;-569.4523537999994;-569.4523537999994;56.746174275481565;-75.17266586422056;0.0;0.0;False;False;False;False;-1.253645464375728;0.0;0.0;0.0;0.0;0.0;0.0;0.0;0.0;0.0
13;49.961034397925054;-569.4523537999994;-569.4523537999994;57.707463460097586;-76.972733228647;0.0;0.0;False;False;False;False;-1.3347716618487369;0.0;0.0;0.0;0.0;0.0;0.0;0.0;0.0;0.0
14;49.96065996183698;-569.4523537999994;-569.4523537999994;58.44840311241839;-78.76624510921862;0.0;0.0;False;False;False;False;-1.4047908936554205;0.0;0.0;0.0;0.0;0.0;0.0;0.0;0.0;0.0
15;49.960382756599095;-569.4523537999994;-569.4523537999994;59.010057244528014;-80.55322537968573;0.0;0.0;False;False;False;False;-1.4657889957947148;0.0;0.0;0.0;0.0;0.0;0.0;0.0;0.0;0.0
16;49.960184628782244;-569.4523537999994;-569.4523537999994;59.425865101356834;-82.33369782686121;0.0;0.0;False;False;False;False;-1.5193627440928141;0.0;0.0;0.0;0.0;0.0;0.0;0.0;0.0;0.0
17;49.96005079580865;-569.4523537999994;-569.4523537999994;59.723056826634036;-84.10768615093056;0.0;0.0;False;False;False;False;-1.5667550973464166;0.0;0.0;0.0;0.0;0.0;0.0;0.0;0.0;0.0
18;49.959969220096326;-569.4523537999994;-569.4523537999994;59.92380628702776;-85.87521396576804;0.0;0.0;False;False;False;False;-1.6089479247652356;0.0;0.0;0.0;0.0;0.0;0.0;0.0;0.0;0.0
19;49.959930099404005;-569.4523537999994;-569.4523537999994;60.04616985551081;-87.6363047992509;0.0;0.0;False;False;False;False;-1.6467270333789903;0.0;0.0;0.0;0.0;0.0;0.0;0.0;0.0;0.0
20;49.959925451801844;-569.4523537999994;-569.4523537999994;60.104850893992534;-89.39098209357257;0.0;0.0;False;False;False;False;-1.6807286905389767;0.0;0.0;0.0;0.0;0.0;0.0;0.0;0.0;0.0
21;49.95994877769927;-569.4523537999994;-569.4523537999994;60.111822297233886;-91.13926920555477;0.0;0.0;False;False;False;False;-1.711473506256446;0.0;0.0;0.0;0.0;0.0;0.0;0.0;0.0;0.0
22;49.95999478462287;-569.4523537999994;-569.4523537999994;60.07683345109882;-92.8811894069583;0.0;0.0;False;False;False;False;-1.7393915079606408;0.0;0.0;0.0;0.0;0.0;0.0;0.0;0.0;0.0
23;49.96005916309389;-569.4523537999994;-569.4523537999994;60.007823065692634;-94.61676588479293;0.0;0.0;False;False;False;False;-1.764840967377022;0.0;0.0;0.0;0.0;0.0;0.0;0.0;0.0;0.0
24;49.96013840411767;-569.4523537999994;-569.4523537999994;59.91125535916808;-96.34602174162595;0.0;0.0;False;False;False;False;-1.7881227229758438;0.0;0.0;0.0;0.0;0.0;0.0;0.0;0.0;0.0
25;49.96022965055933;-569.4523537999994;-569.4523537999994;59.79239382349277;-98.0689799958898;0.0;0.0;False;False;False;False;-1.809491206787655;0.0;0.0;0.0;0.0;0.0;0.0;0.0;0.0;0.0
26;49.96033057611387;-569.4523537999994;-569.4523537999994;59.655524161009055;-99.78566358218839;0.0;0.0;False;False;False;False;-1.8291630273691761;0.0;0.0;0.0;0.0;0.0;0.0;0.0;0.0;0.0
27;49.96043928674759;-569.4523537999994;-569.4523537999994;59.504135829197224;-101.49609535160238;0.0;0.0;False;False;False;False;-1.8473237180860114;0.0;0.0;0.0;0.0;0.0;0.0;0.0;0.0;0.0
28;49.96055424043846;-569.4523537999994;-569.4523537999994;59.34106987862009;-103.20029807199339;0.0;0.0;False;False;False;False;-1.8641330923300488;0.0;0.0;0.0;0.0;0.0;0.0;0.0;0.0;0.0
29;49.9606741818181;-569.4523537999994;-569.4523537999994;59.16863934230676;-104.89829442830708;0.0;0.0;False;False;False;False;-1.8797295298594863;0.0;0.0;0.0;0.0;0.0;0.0;0.0;0.0;0.0
30;49.960798088948465;-569.4523537999994;-569.4523537999994;58.988727272851094;-106.59010702287512;0.0;0.0;False;False;False;False;-1.8942334350165244;0.0;0.0;0.0;0.0;0.0;0.0;0.0;0.0;0.0
31;49.96092512998041;-569.4523537999994;-569.4523537999994;58.80286657730238;-108.27575837571594;0.0;0.0;False;False;False;False;-1.9077500475468359;0.0;0.0;0.0;0.0;0.0;0.0;0.0;0.0;0.0
32;49.961054627859255;-569.4523537999994;-569.4523537999994;58.61230502938497;-109.95527092483468;0.0;0.0;False;False;False;False;-1.9203717430432727;0.0;0.0;0.0;0.0;0.0;0.0;0.0;0.0;0.0
33;49.96118603158339;-569.4523537999994;-569.4523537999994;58.41805821111734;-111.6286670265217;0.0;0.0;False;False;False;False;-1.9321799278734388;0.0;0.0;0.0;0.0;0.0;0.0;0.0;0.0;0.0
34;49.961318892799156;-569.4523537999994;-569.4523537999994;58.220952624918;-113.29596895565028;0.0;0.0;False;False;False;False;-1.9432466095381946;0.0;0.0;0.0;0.0;0.0;0.0;0.0;0.0;0.0
35;49.96145284674132;-569.4523537999994;-569.4523537999994;58.02166080126625;-114.95719890597309;0.0;0.0;False;False;False;False;-1.9536357054596063;0.0;0.0;0.0;0.0;0.0;0.0;0.0;0.0;0.0
36;49.96158759671223;-569.4523537999994;-569.4523537999994;57.82072988802511;-116.61237899041757;0.0;0.0;False;False;False;False;-1.9634041396042317;0.0;0.0;0.0;0.0;0.0;0.0;0.0;0.0;0.0
37;49.961722901442705;-569.4523537999994;-569.4523537999994;57.61860493165827;-118.26153124138034;0.0;0.0;False;False;False;False;-1.9726027659672154;0.0;0.0;0.0;0.0;0.0;0.0;0.0;0.0;0.0
38;49.961858564799606;-569.4523537999994;-569.4523537999994;57.415647835941996;-119.90467761102047;0.0;0.0;False;False;False;False;-1.9812771499526578;0.0;0.0;0.0;0.0;0.0;0.0;0.0;0.0;0.0
39;49.96199442740429;-569.4523537999994;-569.4523537999994;57.212152800591554;-121.54183997155167;0.0;0.0;False;False;False;False;-1.98946823248978;0.0;0.0;0.0;0.0;0.0;0.0;0.0;0.0;0.0
40;49.96213035980735;-569.4523537999994;-569.4523537999994;57.008358893561706;-123.17304011553341;0.0;0.0;False;False;False;False;-1.9972128968858647;0.0;0.0;0.0;0.0;0.0;0.0;0.0;0.0;0.0
41;49.962266256930484;-569.4523537999994;-569.4523537999994;56.8044602889799;-124.79829975616107;0.0;0.0;False;False;False;False;-2.004544454613289;0.0;0.0;0.0;0.0;0.0;0.0;0.0;0.0;0.0
42;49.962402033540414;-569.4523537999994;-569.4523537999994;56.60061460427457;-126.41764052755491;0.0;0.0;False;False;False;False;-2.0114930632189636;0.0;0.0;0.0;0.0;0.0;0.0;0.0;0.0;0.0
43;49.96253762056307;-569.4523537999994;-569.4523537999994;56.39694968937903;-128.0310839850481;0.0;0.0;False;False;False;False;-2.018086087149884;0.0;0.0;0.0;0.0;0.0;0.0;0.0;0.0;0.0
44;49.96267296208216;-569.4523537999994;-569.4523537999994;56.19356915539697;-129.63865160547357;0.0;0.0;False;False;False;False;-2.0243484103720397;0.0;0.0;0.0;0.0;0.0;0.0;0.0;0.0;0.0
45;49.96280801289501;-569.4523537999994;-569.4523537999994;55.99055687676113;-131.24036478744998;0.0;0.0;False;False;False;False;-2.03030270811781;0.0;0.0;0.0;0.0;0.0;0.0;0.0;0.0;0.0
46;49.96294273652219;-569.4523537999994;-569.4523537999994;55.78798065748458;-132.8362448516665;0.0;0.0;False;False;False;False;-2.0359696838497174;0.0;0.0;0.0;0.0;0.0;0.0;0.0;0.0;0.0
47;49.96307710358668;-569.4523537999994;-569.4523537999994;55.585895216719194;-134.4263130411666;0.0;0.0;False;False;False;False;-2.0413682765146843;0.0;0.0;0.0;0.0;0.0;0.0;0.0;0.0;0.0
48;49.96321109049401;-569.4523537999994;-569.4523537999994;55.384344619984205;-136.01059052163092;0.0;0.0;False;False;False;False;-2.046515842335146;0.0;0.0;0.0;0.0;0.0;0.0;0.0;0.0;0.0
49;49.96334467835745;-569.4523537999994;-569.4523537999994;55.18336425897985;-137.58909838165889;0.0;0.0;False;False;False;False;-2.051428314704401;0.0;0.0;0.0;0.0;0.0;0.0;0.0;0.0;0.0
50;49.96347785212271;-569.4523537999994;-569.4523537999994;54.98298246382305;-139.16185763304952;0.0;0.0;False;False;False;False;-2.0561203451942873;0.0;0.0;0.0;0.0;0.0;0.0;0.0;0.0;0.0
51;49.96361059985522;-569.4523537999994;-569.4523537999994;54.78322181593853;-140.72888921108105;0.0;0.0;False;False;False;False;-2.0606054282206556;0.0;0.0;0.0;0.0;0.0;0.0;0.0;0.0;0.0
52;49.96374291215974;-569.4523537999994;-569.4523537999994;54.58410021716631;-142.29021397478965;0.0;0.0;False;False;False;False;-2.0648960115280075;0.0;0.0;0.0;0.0;0.0;0.0;0.0;0.0;0.0
53;49.96387478170767;-569.4523537999994;-569.4523537999994;54.38563176039324;-143.84585270724705;0.0;0.0;False;False;False;False;-2.069003594334478;0.0;0.0;0.0;0.0;0.0;0.0;0.0;0.0;0.0
54;49.96400620285222;-569.4523537999994;-569.4523537999994;54.18782743848993;-145.39582611583722;0.0;0.0;False;False;False;False;-2.072938814710543;0.0;0.0;0.0;0.0;0.0;0.0;0.0;0.0;0.0
55;49.964137171314924;-569.4523537999994;-569.4523537999994;53.99069572167292;-146.94015483253204;0.0;0.0;False;False;False;False;-2.076711527540013;0.0;0.0;0.0;0.0;0.0;0.0;0.0;0.0;0.0
56;49.96426768393049;-569.4523537999994;-569.4523537999994;53.79424302761393;-148.4788594141658;0.0;0.0;False;False;False;False;-2.0803308742225424;0.0;0.0;0.0;0.0;0.0;0.0;0.0;0.0;0.0
57;49.964397738438905;-569.4523537999994;-569.4523537999994;53.598474104269656;-150.01196034270905;0.0;0.0;False;False;False;False;-2.0838053451169247;0.0;0.0;0.0;0.0;0.0;0.0;0.0;0.0;0.0
58;49.964527333316234;-569.4523537999994;-569.4523537999994;53.40339234164304;-151.53947802554097;0.0;0.0;False;False;False;False;-2.0871428355888417;0.0;0.0;0.0;0.0;0.0;0.0;0.0;0.0;0.0
59;49.964656467636786;-569.4523537999994;-569.4523537999994;53.209000025649544;-153.06143279572126;0.0;0.0;False;False;False;False;-2.0903506964115075;0.0;0.0;0.0;0.0;0.0;0.0;0.0;0.0;0.0
60;49.9627233813949;-900.068587099995;-900.068587099995;53.01529854482112;-188.30070070886026;0.0;0.0;False;False;False;False;-2.312864380772095;0.0;0.0;0.0;0.0;0.0;0.0;0.0;0.0;0.0
61;49.95888518460412;-900.068587099995;-900.068587099995;55.91492790764718;-187.6943239989372;0.0;0.0;False;False;False;False;-2.52215801939486;0.0;0.0;0.0;0.0;0.0;0.0;0.0;0.0;0.0
62;49.9555439179637;-900.068587099995;-900.068587099995;61.6722230938187;-190.60324596891388;0.0;0.0;False;False;False;False;-2.7229753978322564;0.0;0.0;0.0;0.0;0.0;0.0;0.0;0.0;0.0
63;49.952838868477144;-900.068587099995;-900.068587099995;66.68412305444704;-193.1560329803805;0.0;0.0;False;False;False;False;-2.9154101178509446;0.0;0.0;0.0;0.0;0.0;0.0;0.0;0.0;0.0
64;49.950673305501866;-900.068587099995;-900.068587099995;70.74169728428359;-195.73351006973525;0.0;0.0;False;False;False;False;-3.099951606482827;0.0;0.0;0.0;0.0;0.0;0.0;0.0;0.0;0.0
65;49.948949336791756;-900.068587099995;-900.068587099995;73.99004174720147;-198.29825762309952;0.0;0.0;False;False;False;False;-3.277019541782959;0.0;0.0;0.0;0.0;0.0;0.0;0.0;0.0;0.0
66;49.947585054636065;-900.068587099995;-900.068587099995;76.57599481236588;-200.85399368077742;0.0;0.0;False;False;False;False;-3.4470096653588627;0.0;0.0;0.0;0.0;0.0;0.0;0.0;0.0;0.0
67;49.94651355819348;-900.068587099995;-900.068587099995;78.62241804590298;-203.40038992080184;0.0;0.0;False;False;False;False;-3.610291846642549;0.0;0.0;0.0;0.0;0.0;0.0;0.0;0.0;0.0
68;49.94568034553823;-900.068587099995;-900.068587099995;80.2296627097796;-205.93751587799622;0.0;0.0;False;False;False;False;-3.7672123865342826;0.0;0.0;0.0;0.0;0.0;0.0;0.0;0.0;0.0
69;49.94504103233487;-900.068587099995;-900.068587099995;81.47948169265717;-208.46540181907915;0.0;0.0;False;False;False;False;-3.9180957442413376;0.0;0.0;0.0;0.0;0.0;0.0;0.0;0.0;0.0
70;49.94455947521598;-900.068587099995;-900.068587099995;82.43845149769413;-210.98408173797668;0.0;0.0;False;False;False;False;-4.063246153004455;0.0;0.0;0.0;0.0;0.0;0.0;0.0;0.0;0.0
71;49.9442062419247;-900.068587099995;-900.068587099995;83.16078717602693;-213.4935891273728;0.0;0.0;False;False;False;False;-4.202949096885507;0.0;0.0;0.0;0.0;0.0;0.0;0.0;0.0;0.0
72;49.9439573653041;-900.068587099995;-900.068587099995;83.6906371129551;-215.99395739510246;0.0;0.0;False;False;False;False;-4.337472665165726;0.0;0.0;0.0;0.0;0.0;0.0;0.0;0.0;0.0
73;49.943793328611555;-900.068587099995;-900.068587099995;84.06395204384864;-218.48521982368453;0.0;0.0;False;False;False;False;-4.467068795340393;0.0;0.0;0.0;0.0;0.0;0.0;0.0;0.0;0.0
74;49.943698239224126;-900.068587099995;-900.068587099995;84.31000708266723;-220.96740957478875;0.0;0.0;False;False;False;False;-4.591974414945868;0.0;0.0;0.0;0.0;0.0;0.0;0.0;0.0;0.0
75;49.9436591557591;-900.068587099995;-900.068587099995;84.45264116381068;-223.44055968928137;0.0;0.0;False;False;False;False;-4.712412491394317;0.0;0.0;0.0;0.0;0.0;0.0;0.0;0.0;0.0
76;49.943665540125615;-900.068587099995;-900.068587099995;84.51126636134987;-225.90470308770395;0.0;0.0;False;False;False;False;-4.828592998082446;0.0;0.0;0.0;0.0;0.0;0.0;0.0;0.0;0.0
77;49.943708811312014;-900.068587099995;-900.068587099995;84.50168981157802;-228.3598725707077;0.0;0.0;False;False;False;False;-4.940713804225749;0.0;0.0;0.0;0.0;0.0;0.0;0.0;0.0;0.0
78;49.94378198201992;-900.068587099995;-900.068587099995;84.43678303197899;-230.8061008194905;0.0;0.0;False;False;False;False;-5.0489614951421045;0.0;0.0;0.0;0.0;0.0;0.0;0.0;0.0;0.0
79;49.943879362763205;-900.068587099995;-900.068587099995;84.32702697011862;-233.2434203962318;0.0;0.0;False;False;False;False;-5.153512129057715;0.0;0.0;0.0;0.0;0.0;0.0;0.0;0.0;0.0
80;49.94399632090587;-900.068587099995;-900.068587099995;84.18095585519225;-235.6718637445262;0.0;0.0;False;False;False;False;-5.25453193592585;0.0;0.0;0.0;0.0;0.0;0.0;0.0;0.0;0.0
81;49.94412908443854;-900.068587099995;-900.068587099995;84.00551864119876;-238.09146318981522;0.0;0.0;False;False;False;False;-5.352177963226779;0.0;0.0;0.0;0.0;0.0;0.0;0.0;0.0;0.0
82;49.944274582187134;-900.068587099995;-900.068587099995;83.80637334218477;-240.50225093981763;0.0;0.0;False;False;False;False;-5.446598673249141;0.0;0.0;0.0;0.0;0.0;0.0;0.0;0.0;0.0
83;49.94443031368933;-900.068587099995;-900.068587099995;83.58812671929883;-242.90425908495808;0.0;0.0;False;False;False;False;-5.537934495932584;0.0;0.0;0.0;0.0;0.0;0.0;0.0;0.0;0.0
84;49.94459424323076;-900.068587099995;-900.068587099995;83.35452946600341;-245.29751959879445;0.0;0.0;False;False;False;False;-5.626318340973926;0.0;0.0;0.0;0.0;0.0;0.0;0.0;0.0;0.0
85;49.94476471355504;-900.068587099995;-900.068587099995;83.10863515385947;-247.6820643384433;0.0;0.0;False;False;False;False;-5.71187607255926;0.0;0.0;0.0;0.0;0.0;0.0;0.0;0.0;0.0
86;49.944940375594996;-900.068587099995;-900.068587099995;82.85292966744251;-250.0579250450039;0.0;0.0;False;False;False;False;-5.794726949778645;0.0;0.0;0.0;0.0;0.0;0.0;0.0;0.0;0.0
87;49.94512013125047;-900.068587099995;-900.068587099995;82.58943660750617;-252.42513334398095;0.0;0.0;False;False;False;False;-5.874984035504446;0.0;0.0;0.0;0.0;0.0;0.0;0.0;0.0;0.0
88;49.94530308679036;-900.068587099995;-900.068587099995;82.31980312429599;-254.78372074570524;0.0;0.0;False;False;False;False;-5.952754576265789;0.0;0.0;0.0;0.0;0.0;0.0;0.0;0.0;0.0
89;49.945488514906344;-900.068587099995;-900.068587099995;82.04536981445898;-257.13371864575345;0.0;0.0;False;False;False;False;-6.028140355427269;0.0;0.0;0.0;0.0;0.0;0.0;0.0;0.0;0.0
90;49.945675823811975;-900.068587099995;-900.068587099995;81.7672276404835;-259.47515832536567;0.0;0.0;False;False;False;False;-6.101238021777272;0.0;0.0;0.0;0.0;0.0;0.0;0.0;0.0;0.0
91;49.94586453207904;-900.068587099995;-900.068587099995;81.48626428203798;-261.8080709518622;0.0;0.0;False;False;False;False;-6.172139395447996;0.0;0.0;0.0;0.0;0.0;0.0;0.0;0.0;0.0
92;49.94605424814598;-900.068587099995;-900.068587099995;81.20320188143637;-264.1324875790581;0.0;0.0;False;False;False;False;-6.240931752923269;0.0;0.0;0.0;0.0;0.0;0.0;0.0;0.0;0.0
93;49.946244653630885;-900.068587099995;-900.068587099995;80.91862778103476;-266.44843914767665;0.0;0.0;False;False;False;False;-6.30769809273998;0.0;0.0;0.0;0.0;0.0;0.0;0.0;0.0;0.0
94;49.94643548974277;-900.068587099995;-900.068587099995;80.63301955367308;-268.7559564857613;0.0;0.0;False;False;False;False;-6.37251738335265;0.0;0.0;0.0;0.0;0.0;0.0;0.0;0.0;0.0
95;49.94662654621576;-900.068587099995;-900.068587099995;80.34676538584762;-271.055070309086;0.0;0.0;False;False;False;False;-6.435464794506996;0.0;0.0;0.0;0.0;0.0;0.0;0.0;0.0;0.0
96;49.9468176522979;-900.068587099995;-900.068587099995;80.06018067635878;-273.3458112215638;0.0;0.0;False;False;False;False;-6.496611913356035;0.0;0.0;0.0;0.0;0.0;0.0;0.0;0.0;0.0
97;49.947008669412995;-900.068587099995;-900.068587099995;79.77352155314676;-275.6282097156547;0.0;0.0;False;False;False;False;-6.556026946450233;0.0;0.0;0.0;0.0;0.0;0.0;0.0;0.0;0.0
98;49.947199485184925;-900.068587099995;-900.068587099995;79.486995880508;-277.9022961727711;0.0;0.0;False;False;False;False;-6.613774908640282;0.0;0.0;0.0;0.0;0.0;0.0;0.0;0.0;0.0
99;49.94739000857146;-900.068587099995;-900.068587099995;79.20077222261312;-280.16810086368264;0.0;0.0;False;False;False;False;-6.669917799846649;0.0;0.0;0.0;0.0;0.0;0.0;0.0;0.0;0.0
100;49.94758016590157;-900.068587099995;-900.068587099995;78.91498714280942;-282.4256539489186;0.0;0.0;False;False;False;False;-6.724514770572951;0.0;0.0;0.0;0.0;0.0;0.0;0.0;0.0;0.0
101;49.947769897648456;-900.068587099995;-900.068587099995;78.62975114764481;-284.6749854791698;0.0;0.0;False;False;False;False;-6.777622276970057;0.0;0.0;0.0;0.0;0.0;0.0;0.0;0.0;0.0
102;49.947959155801755;-900.068587099995;-900.068587099995;78.34515352731586;-286.9161253956885;0.0;0.0;False;False;False;False;-6.829294226193704;0.0;0.0;0.0;0.0;0.0;0.0;0.0;0.0;0.0
103;49.948147901727616;-900.068587099995;-900.068587099995;78.06126629736809;-289.1491035306869;0.0;0.0;False;False;False;False;-6.879582112739934;0.0;0.0;0.0;0.0;0.0;0.0;0.0;0.0;0.0
104;49.948336104426126;-900.068587099995;-900.068587099995;77.77814740857636;-291.3739496077343;0.0;0.0;False;False;False;False;-6.928535146389187;0.0;0.0;0.0;0.0;0.0;0.0;0.0;0.0;0.0
105;49.94852373911227;-900.068587099995;-900.068587099995;77.49584336081128;-293.5906932421527;0.0;0.0;False;False;False;False;-6.976200372340977;0.0;0.0;0.0;0.0;0.0;0.0;0.0;0.0;0.0
106;49.948710786060346;-900.068587099995;-900.068587099995;77.21439133159791;-295.7993639414111;0.0;0.0;False;False;False;False;-7.022622784076363;0.0;0.0;0.0;0.0;0.0;0.0;0.0;0.0;0.0
107;49.948897229662954;-900.068587099995;-900.068587099995;76.9338209094812;-297.9999911055181;0.0;0.0;False;False;False;False;-7.067845429444421;0.0;0.0;0.0;0.0;0.0;0.0;0.0;0.0;0.0
108;49.949083057664716;-900.068587099995;-900.068587099995;76.65415550556887;-300.19260402741355;0.0;0.0;False;False;False;False;-7.11190951043135;0.0;0.0;0.0;0.0;0.0;0.0;0.0;0.0;0.0
109;49.94926826053825;-900.068587099995;-900.068587099995;76.37541350292665;-302.3772318933581;0.0;0.0;False;False;False;False;-7.154854477036483;0.0;0.0;0.0;0.0;0.0;0.0;0.0;0.0;0.0
110;49.949452830976036;-900.068587099995;-900.068587099995;76.09760919262953;-304.5539037833221;0.0;0.0;False;False;False;False;-7.196718115647723;0.0;0.0;0.0;0.0;0.0;0.0;0.0;0.0;0.0
111;49.94963676347661;-900.068587099995;-900.068587099995;75.82075353594675;-306.7226486713723;0.0;0.0;False;False;False;False;-7.237536632280061;0.0;0.0;0.0;0.0;0.0;0.0;0.0;0.0;0.0
112;49.949820054007624;-900.068587099995;-900.068587099995;75.54485478508255;-308.8834954260579;0.0;0.0;False;False;False;False;-7.277344731014008;0.0;0.0;0.0;0.0;0.0;0.0;0.0;0.0;0.0
113;49.950002699731414;-900.068587099995;-900.068587099995;75.26991898856394;-311.03647281079446;0.0;0.0;False;False;False;False;-7.316175687946341;0.0;0.0;0.0;0.0;0.0;0.0;0.0;0.0;0.0
114;49.9501846987816;-900.068587099995;-900.068587099995;74.99595040287943;-313.1816094842471;0.0;0.0;False;False;False;False;-7.354061420942937;0.0;0.0;0.0;0.0;0.0;0.0;0.0;0.0;0.0
115;49.9503660500811;-900.068587099995;-900.068587099995;74.72295182760291;-315.31893400071175;0.0;0.0;False;False;False;False;-7.39103255546271;0.0;0.0;0.0;0.0;0.0;0.0;0.0;0.0;0.0
116;49.95054675319401;-900.068587099995;-900.068587099995;74.4509248783487;-317.4484748104953;0.0;0.0;False;False;False;False;-7.427118486702499;0.0;0.0;0.0;0.0;0.0;0.0;0.0;0.0;0.0
117;49.95072680820491;-900.068587099995;-900.068587099995;74.17987020898309;-319.57026026029456;0.0;0.0;False;False;False;False;-7.462347438295127;0.0;0.0;0.0;0.0;0.0;0.0;0.0;0.0;0.0
118;49.950906215620655;-900.068587099995;-900.068587099995;73.90978769263157;-321.68431859357304;0.0;0.0;False;False;False;False;-7.496746517776522;0.0;0.0;0.0;0.0;0.0;0.0;0.0;0.0;0.0
119;49.95108497629036;-900.068587099995;-900.068587099995;73.64067656901696;-323.79067795093744;0.0;0.0;False;False;False;False;-7.530341769022803;0.0;0.0;0.0;0.0;0.0;0.0;0.0;0.0;0.0
120;49.95009060828799;-1088.083686799997;-1088.083686799997;73.37253556445944;-345.06690653991217;0.0;0.0;False;False;False;False;-7.733291936693515;0.0;0.0;0.0;0.0;0.0;0.0;0.0;0.0;0.0
121;49.94801245843562;-1088.083686799997;-1088.083686799997;74.86408756802021;-345.95390325923296;0.0;0.0;False;False;False;False;-7.930489325372901;0.0;0.0;0.0;0.0;0.0;0.0;0.0;0.0;0.0
122;49.946216522502915;-1088.083686799997;-1088.083686799997;77.98131234656935;-348.8354967149026;0.0;0.0;False;False;False;False;-8.123258683917655;0.0;0.0;0.0;0.0;0.0;0.0;0.0;0.0;0.0
123;49.94478201170548;-1088.083686799997;-1088.083686799997;80.67521624562701;-351.51009331658736;0.0;0.0;False;False;False;False;-8.311619190727031;0.0;0.0;0.0;0.0;0.0;0.0;0.0;0.0;0.0
124;49.94365391855575;-1088.083686799997;-1088.083686799997;82.82698244178377;-354.1942772235559;0.0;0.0;False;False;False;False;-8.495709489902927;0.0;0.0;0.0;0.0;0.0;0.0;0.0;0.0;0.0
125;49.94277657498164;-1088.083686799997;-1088.083686799997;84.5191221663697;-356.86678483897873;0.0;0.0;False;False;False;False;-8.675652036663097;0.0;0.0;0.0;0.0;0.0;0.0;0.0;0.0;0.0
126;49.94210340300589;-1088.083686799997;-1088.083686799997;85.83513752753547;-359.5297467005114;0.0;0.0;False;False;False;False;-8.851566213342881;0.0;0.0;0.0;0.0;0.0;0.0;0.0;0.0;0.0
127;49.94159635876595;-1088.083686799997;-1088.083686799997;86.84489549116847;-362.18299219847916;0.0;0.0;False;False;False;False;-9.023567252286822;0.0;0.0;0.0;0.0;0.0;0.0;0.0;0.0;0.0
128;49.941224449420496;-1088.083686799997;-1088.083686799997;87.60546185107643;-364.82657691808436;0.0;0.0;False;False;False;False;-9.191766505684026;0.0;0.0;0.0;0.0;0.0;0.0;0.0;0.0;0.0
129;49.940962435803385;-1088.083686799997;-1088.083686799997;88.16332586925668;-367.4605340550907;0.0;0.0;False;False;False;False;-9.35627158037874;0.0;0.0;0.0;0.0;0.0;0.0;0.0;0.0;0.0
130;49.940789765224466;-1088.083686799997;-1088.083686799997;88.55634629492215;-370.0848988666437;0.0;0.0;False;False;False;False;-9.5171864792743;0.0;0.0;0.0;0.0;0.0;0.0;0.0;0.0;0.0
131;49.940689701468905;-1088.083686799997;-1088.083686799997;88.8153521633015;-372.69970626684494;0.0;0.0;False;False;False;False;-9.674611736046971;0.0;0.0;0.0;0.0;0.0;0.0;0.0;0.0;0.0
132;49.94064861621481;-1088.083686799997;-1088.083686799997;88.9654477966424;-375.3049910637578;0.0;0.0;False;False;False;False;-9.82864454466269;0.0;0.0;0.0;0.0;0.0;0.0;0.0;0.0;0.0
133;49.94065541200089;-1088.083686799997;-1088.083686799997;89.02707567778734;-377.9007879366053;0.0;0.0;False;False;False;False;-9.979378883773942;0.0;0.0;0.0;0.0;0.0;0.0;0.0;0.0;0.0
134;49.94070105232858;-1088.083686799997;-1088.083686799997;89.01688199865987;-380.4871314385198;0.0;0.0;False;False;False;False;-10.126905636203308;0.0;0.0;0.0;0.0;0.0;0.0;0.0;0.0;0.0
135;49.94077817900831;-1088.083686799997;-1088.083686799997;88.94842150713345;-383.06405599677805;0.0;0.0;False;False;False;False;-10.271312703701946;0.0;0.0;0.0;0.0;0.0;0.0;0.0;0.0;0.0
136;49.94088080055184;-1088.083686799997;-1088.083686799997;88.8327314875319;-385.6315959132816;0.0;0.0;False;False;False;False;-10.412685117166818;0.0;0.0;0.0;0.0;0.0;0.0;0.0;0.0;0.0
137;49.94100403841959;-1088.083686799997;-1088.083686799997;88.67879917224286;-388.1897853650111;0.0;0.0;False;False;False;False;-10.551105142494723;0.0;0.0;0.0;0.0;0.0;0.0;0.0;0.0;0.0
138;49.941143920381485;-1088.083686799997;-1088.083686799997;88.49394237061148;-390.73865840448155;0.0;0.0;False;False;False;False;-10.686652382245432;0.0;0.0;0.0;0.0;0.0;0.0;0.0;0.0;0.0
139;49.94129721224365;-1088.083686799997;-1088.083686799997;88.28411942777237;-393.2782489601955;0.0;0.0;False;False;False;False;-10.819403873280514;0.0;0.0;0.0;0.0;0.0;0.0;0.0;0.0;0.0
140;49.941461280817926;-1088.083686799997;-1088.083686799997;88.05418163452927;-395.8085908370948;0.0;0.0;False;False;False;False;-10.949434180538725;0.0;0.0;0.0;0.0;0.0;0.0;0.0;0.0;0.0
141;49.94163398233331;-1088.083686799997;-1088.083686799997;87.80807877311148;-398.3297177170103;0.0;0.0;False;False;False;False;-11.076815487103168;0.0;0.0;0.0;0.0;0.0;0.0;0.0;0.0;0.0
142;49.94181357156568;-1088.083686799997;-1088.083686799997;87.5490265000387;-400.8416631591105;0.0;0.0;False;False;False;False;-11.201617680709877;0.0;0.0;0.0;0.0;0.0;0.0;0.0;0.0;0.0
143;49.9419986278391;-1088.083686799997;-1088.083686799997;87.27964265147747;-403.3444606003482;0.0;0.0;False;False;False;False;-11.323908436841958;0.0;0.0;0.0;0.0;0.0;0.0;0.0;0.0;0.0
144;49.94218799476617;-1088.083686799997;-1088.083686799997;87.0020582413531;-405.8381433559055;0.0;0.0;False;False;False;False;-11.443753298548097;0.0;0.0;0.0;0.0;0.0;0.0;0.0;0.0;0.0
145;49.94238073117668;-1088.083686799997;-1088.083686799997;86.71800785074169;-408.32274461963726;0.0;0.0;False;False;False;False;-11.561215753118926;0.0;0.0;0.0;0.0;0.0;0.0;0.0;0.0;0.0
146;49.94257607115702;-1088.083686799997;-1088.083686799997;86.4289032349852;-410.798297464513;0.0;0.0;False;False;False;False;-11.676357305749622;0.0;0.0;0.0;0.0;0.0;0.0;0.0;0.0;0.0
147;49.94277339150913;-1088.083686799997;-1088.083686799997;86.13589326446913;-413.2648348430571;0.0;0.0;False;False;False;False;-11.789237550312157;0.0;0.0;0.0;0.0;0.0;0.0;0.0;0.0;0.0
148;49.94297218525105;-1088.083686799997;-1088.083686799997;85.83991273630787;-415.7223895877875;0.0;0.0;False;False;False;False;-11.899914237355699;0.0;0.0;0.0;0.0;0.0;0.0;0.0;0.0;0.0
149;49.9431720400377;-1088.083686799997;-1088.083686799997;85.54172212342337;-418.17099441165277;0.0;0.0;False;False;False;False;-12.008443339449006;0.0;0.0;0.0;0.0;0.0;0.0;0.0;0.0;0.0
150;49.943372620588086;-1088.083686799997;-1088.083686799997;85.24193994344742;-420.61068190846737;0.0;0.0;False;False;False;False;-12.114879113974046;0.0;0.0;0.0;0.0;0.0;0.0;0.0;0.0;0.0
151;49.94357365437526;-1088.083686799997;-1088.083686799997;84.94106911787114;-423.04148455334564;0.0;0.0;False;False;False;False;-12.21927416347569;0.0;0.0;0.0;0.0;0.0;0.0;0.0;0.0;0.0
152;49.94377491997315;-1088.083686799997;-1088.083686799997;84.6395184371147;-425.46343470313417;0.0;0.0;False;False;False;False;-12.32167949366805;0.0;0.0;0.0;0.0;0.0;0.0;0.0;0.0;0.0
153;49.943976237567036;-1088.083686799997;-1088.083686799997;84.33762004027301;-427.87656459684234;0.0;0.0;False;False;False;False;-12.422144569193877;0.0;0.0;0.0;0.0;0.0;0.0;0.0;0.0;0.0
154;49.94417746122586;-1088.083686799997;-1088.083686799997;84.03564364944671;-430.28090635607157;0.0;0.0;False;False;False;False;-12.520717367229537;0.0;0.0;0.0;0.0;0.0;0.0;0.0;0.0;0.0
155;49.94437847260938;-1088.083686799997;-1088.083686799997;83.73380816120601;-432.6764919854428;0.0;0.0;False;False;False;False;-12.617444429024154;0.0;0.0;0.0;0.0;0.0;0.0;0.0;0.0;0.0
156;49.94457917584366;-1088.083686799997;-1088.083686799997;83.43229108593064;-435.06335337302266;0.0;0.0;False;False;False;False;-12.712370909457906;0.0;0.0;0.0;0.0;0.0;0.0;0.0;0.0;0.0
157;49.944779493348015;-1088.083686799997;-1088.083686799997;83.13123623451446;-437.44152229074774;0.0;0.0;False;False;False;False;-12.805540624700871;0.0;0.0;0.0;0.0;0.0;0.0;0.0;0.0;0.0
158;49.944979362436804;-1088.083686799997;-1088.083686799997;82.83075997797695;-439.81103039484765;0.0;0.0;False;False;False;False;-12.896996098050396;0.0;0.0;0.0;0.0;0.0;0.0;0.0;0.0;0.0
159;49.94517873255211;-1088.083686799997;-1088.083686799997;82.5309563447938;-442.17190922626645;0.0;0.0;False;False;False;False;-12.986778604021717;0.0;0.0;0.0;0.0;0.0;0.0;0.0;0.0;0.0
160;49.94537756301023;-1088.083686799997;-1088.083686799997;82.23190117183776;-444.5241902110823;0.0;0.0;False;False;False;False;-13.0749282107634;0.0;0.0;0.0;0.0;0.0;0.0;0.0;0.0;0.0
161;49.94557582116665;-1088.083686799997;-1088.083686799997;81.93365548465081;-446.867904660926;0.0;0.0;False;False;False;False;-13.161483820866128;0.0;0.0;0.0;0.0;0.0;0.0;0.0;0.0;0.0
162;49.945773480921595;-1088.083686799997;-1088.083686799997;81.63626825002623;-449.2030837733976;0.0;0.0;False;False;False;False;-13.246483210630483;0.0;0.0;0.0;0.0;0.0;0.0;0.0;0.0;0.0
163;49.94597052150317;-1088.083686799997;-1088.083686799997;81.33977861760755;-451.5297586324818;0.0;0.0;False;False;False;False;-13.329963067856582;0.0;0.0;0.0;0.0;0.0;0.0;0.0;0.0;0.0
164;49.946166926476394;-1088.083686799997;-1088.083686799997;81.0442177452444;-453.8479602089616;0.0;0.0;False;False;False;False;-13.411959028215763;0.0;0.0;0.0;0.0;0.0;0.0;0.0;0.0;0.0
165;49.94636268293622;-1088.083686799997;-1088.083686799997;80.74961028540883;-456.1577193608307;0.0;0.0;False;False;False;False;-13.492505710261941;0.0;0.0;0.0;0.0;0.0;0.0;0.0;0.0;0.0
166;49.946557780850405;-1088.083686799997;-1088.083686799997;80.45597559567241;-458.4590668337042;0.0;0.0;False;False;False;False;-13.571636749137847;0.0;0.0;0.0;0.0;0.0;0.0;0.0;0.0;0.0
167;49.9467522125244;-1088.083686799997;-1088.083686799997;80.16332872439236;-460.7520332612278;0.0;0.0;False;False;False;False;-13.64938482902897;0.0;0.0;0.0;0.0;0.0;0.0;0.0;0.0;0.0
168;49.94694597216557;-1088.083686799997;-1088.083686799997;79.8716812133975;-463.0366491654855;0.0;0.0;False;False;False;False;-13.725781714415797;0.0;0.0;0.0;0.0;0.0;0.0;0.0;0.0;0.0
169;49.947139055528375;-1088.083686799997;-1088.083686799997;79.58104175164138;-465.31294495740633;0.0;0.0;False;False;False;False;-13.800858280172802;0.0;0.0;0.0;0.0;0.0;0.0;0.0;0.0;0.0
170;49.94733145962537;-1088.083686799997;-1088.083686799997;79.29141670743789;-467.58095093716844;0.0;0.0;False;False;False;False;-13.874644540560578;0.0;0.0;0.0;0.0;0.0;0.0;0.0;0.0;0.0
171;49.94752318249194;-1088.083686799997;-1088.083686799997;79.00281056194913;-469.84069729460305;0.0;0.0;False;False;False;False;-13.947169677155479;0.0;0.0;0.0;0.0;0.0;0.0;0.0;0.0;0.0
172;49.9477142229947;-1088.083686799997;-1088.083686799997;78.71522626208716;-472.09221410959606;0.0;0.0;False;False;False;False;-14.018462065759353;0.0;0.0;0.0;0.0;0.0;0.0;0.0;0.0;0.0
173;49.947904580675406;-1088.083686799997;-1088.083686799997;78.42866550795335;-474.3355313524884;0.0;0.0;False;False;False;False;-14.08854930233006;0.0;0.0;0.0;0.0;0.0;0.0;0.0;0.0;0.0
174;49.948094255623985;-1088.083686799997;-1088.083686799997;78.14312898689124;-476.57067888447494;0.0;0.0;False;False;False;False;-14.157458227971768;0.0;0.0;0.0;0.0;0.0;0.0;0.0;0.0;0.0
175;49.94828324837503;-1088.083686799997;-1088.083686799997;77.85861656402204;-478.7976864580023;0.0;0.0;False;False;False;False;-14.225214953022368;0.0;0.0;0.0;0.0;0.0;0.0;0.0;0.0;0.0
176;49.948471559823545;-1088.083686799997;-1088.083686799997;77.5751274374592;-481.0165837171646;0.0;0.0;False;False;False;False;-14.291844880273798;0.0;0.0;0.0;0.0;0.0;0.0;0.0;0.0;0.0
177;49.94865919115641;-1088.083686799997;-1088.083686799997;77.29266026468196;-483.22740019809805;0.0;0.0;False;False;False;False;-14.357372727359484;0.0;0.0;0.0;0.0;0.0;0.0;0.0;0.0;0.0
178;49.948846143796466;-1088.083686799997;-1088.083686799997;77.0112132653864;-485.4301653293742;0.0;0.0;False;False;False;False;-14.421822548341742;0.0;0.0;0.0;0.0;0.0;0.0;0.0;0.0;0.0
179;49.949032419357074;-1088.083686799997;-1088.083686799997;76.73078430530111;-487.62490843239163;0.0;0.0;False;False;False;False;-14.48521775453055;0.0;0.0;0.0;0.0;0.0;0.0;0.0;0.0;0.0
180;49.94793582973679;-1293.690970800002;-1293.690970800002;76.45137096438859;-510.7836016897669;0.0;0.0;False;False;False;False;-14.638573599767678;0.0;0.0;0.0;0.0;0.0;0.0;0.0;0.0;0.0
181;49.94565408216867;-1293.690970800002;-1293.690970800002;78.09625539481146;-511.64567922698507;0.0;0.0;False;False;False;False;-14.788904220692679;0.0;0.0;0.0;0.0;0.0;0.0;0.0;0.0;0.0
182;49.943680986137814;-1293.690970800002;-1293.690970800002;81.51887674699054;-514.6893767946298;0.0;0.0;False;False;False;False;-14.936918375945554;0.0;0.0;0.0;0.0;0.0;0.0;0.0;0.0;0.0
183;49.94210316472341;-1293.690970800002;-1293.690970800002;84.47852079327944;-517.5071008090221;0.0;0.0;False;False;False;False;-15.08259867284523;0.0;0.0;0.0;0.0;0.0;0.0;0.0;0.0;0.0
184;49.94086046366932;-1293.690970800002;-1293.690970800002;86.84525291488043;-520.3356993355756;0.0;0.0;False;False;False;False;-15.225996517729596;0.0;0.0;0.0;0.0;0.0;0.0;0.0;0.0;0.0
185;49.93989200627202;-1293.690970800002;-1293.690970800002;88.70930449602454;-523.1519177658311;0.0;0.0;False;False;False;False;-15.367155620015021;0.0;0.0;0.0;0.0;0.0;0.0;0.0;0.0;0.0
186;49.93914685642092;-1293.690970800002;-1293.690970800002;90.16199059197305;-525.9580845718027;0.0;0.0;False;False;False;False;-15.50611937885323;0.0;0.0;0.0;0.0;0.0;0.0;0.0;0.0;0.0
187;49.93858341060444;-1293.690970800002;-1293.690970800002;91.27971536862134;-528.7540117697303;0.0;0.0;False;False;False;False;-15.642930194123526;0.0;0.0;0.0;0.0;0.0;0.0;0.0;0.0;0.0
188;49.93816777605309;-1293.690970800002;-1293.690970800002;92.1248840933444;-531.5397587404544;0.0;0.0;False;False;False;False;-15.77762955465673;0.0;0.0;0.0;0.0;0.0;0.0;0.0;0.0;0.0
189;49.937872352008895;-1293.690970800002;-1293.690970800002;92.74833592036202;-534.3153603855617;0.0;0.0;False;False;False;False;-15.910258051309146;0.0;0.0;0.0;0.0;0.0;0.0;0.0;0.0;0.0
190;49.93767466267492;-1293.690970800002;-1293.690970800002;93.1914719866569;-537.080853865999;0.0;0.0;False;False;False;False;-16.040855396953887;0.0;0.0;0.0;0.0;0.0;0.0;0.0;0.0;0.0
191;49.93755640581404;-1293.690970800002;-1293.690970800002;93.48800598761642;-539.8362759726522;0.0;0.0;False;False;False;False;-16.169460445477498;0.0;0.0;0.0;0.0;0.0;0.0;0.0;0.0;0.0
192;49.937502677868835;-1293.690970800002;-1293.690970800002;93.66539127893603;-542.5816633855095;0.0;0.0;False;False;False;False;-16.29611121053661;0.0;0.0;0.0;0.0;0.0;0.0;0.0;0.0;0.0
193;49.937501342939946;-1293.690970800002;-1293.690970800002;93.74598319674732;-545.3170526487074;0.0;0.0;False;False;False;False;-16.42084488399601;0.0;0.0;0.0;0.0;0.0;0.0;0.0;0.0;0.0
194;49.937542518922704;-1293.690970800002;-1293.690970800002;93.74798559008113;-548.0424801735193;0.0;0.0;False;False;False;False;-16.543697854050908;0.0;0.0;0.0;0.0;0.0;0.0;0.0;0.0;0.0
195;49.9376181590509;-1293.690970800002;-1293.690970800002;93.68622161594331;-550.7579822385936;0.0;0.0;False;False;False;False;-16.66470572302946;0.0;0.0;0.0;0.0;0.0;0.0;0.0;0.0;0.0
196;49.937721711133854;-1293.690970800002;-1293.690970800002;93.57276142365123;-553.463594990462;0.0;0.0;False;False;False;False;-16.7839033248734;0.0;0.0;0.0;0.0;0.0;0.0;0.0;0.0;0.0
197;49.93784784006175;-1293.690970800002;-1293.690970800002;93.41743329921925;-556.159354444017;0.0;0.0;False;False;False;False;-16.901324742295127;0.0;0.0;0.0;0.0;0.0;0.0;0.0;0.0;0.0
198;49.937992201832444;-1293.690970800002;-1293.690970800002;93.22823990737561;-558.8452964829926;0.0;0.0;False;False;False;False;-17.017003323610652;0.0;0.0;0.0;0.0;0.0;0.0;0.0;0.0;0.0
199;49.938151259533925;-1293.690970800002;-1293.690970800002;93.01169725133462;-561.521456860441;0.0;0.0;False;False;False;False;-17.130971699248224;0.0;0.0;0.0;0.0;0.0;0.0;0.0;0.0;0.0
200;49.9383221334927;-1293.690970800002;-1293.690970800002;92.7731106991132;-564.1878711992093;0.0;0.0;False;False;False;False;-17.243261797933336;0.0;0.0;0.0;0.0;0.0;0.0;0.0;0.0;0.0
201;49.93850247924459;-1293.690970800002;-1293.690970800002;92.51679976095417;-566.8445749924132;0.0;0.0;False;False;False;False;-17.353904862551083;0.0;0.0;0.0;0.0;0.0;0.0;0.0;0.0;0.0
202;49.93869038816229;-1293.690970800002;-1293.690970800002;92.2462811331144;-569.4916036039095;0.0;0.0;False;False;False;False;-17.46293146568767;0.0;0.0;0.0;0.0;0.0;0.0;0.0;0.0;0.0
203;49.938884306533055;-1293.690970800002;-1293.690970800002;91.96441775656083;-572.1289922687673;0.0;0.0;False;False;False;False;-17.570371524852998;0.0;0.0;0.0;0.0;0.0;0.0;0.0;0.0;0.0
204;49.93908296966096;-1293.690970800002;-1293.690970800002;91.67354020041785;-574.7567760937362;0.0;0.0;False;False;False;False;-17.676254317386928;0.0;0.0;0.0;0.0;0.0;0.0;0.0;0.0;0.0
205;49.93928534820417;-1293.690970800002;-1293.690970800002;91.37554550856208;-577.3749900577143;0.0;0.0;False;False;False;False;-17.780608495052036;0.0;0.0;0.0;0.0;0.0;0.0;0.0;0.0;0.0
206;49.93949060447562;-1293.690970800002;-1293.690970800002;91.07197769374054;-579.9836690122136;0.0;0.0;False;False;False;False;-17.883462098316055;0.0;0.0;0.0;0.0;0.0;0.0;0.0;0.0;0.0
207;49.939698056857125;-1293.690970800002;-1293.690970800002;90.7640932865661;-582.5828476818238;0.0;0.0;False;False;False;False;-17.98484257032742;0.0;0.0;0.0;0.0;0.0;0.0;0.0;0.0;0.0
208;49.939907150820694;-1293.690970800002;-1293.690970800002;90.45291471431227;-585.1725606646746;0.0;0.0;False;False;False;False;-18.0847767705877;0.0;0.0;0.0;0.0;0.0;0.0;0.0;0.0;0.0
209;49.940117435330166;-1293.690970800002;-1293.690970800002;90.13927376895836;-587.7528424328966;0.0;0.0;False;False;False;False;-18.1832909883248;0.0;0.0;0.0;0.0;0.0;0.0;0.0;0.0;0.0
210;49.940328543624304;-1293.690970800002;-1293.690970800002;89.82384700475166;-590.3237273330793;0.0;0.0;False;False;False;False;-18.280410955571103;0.0;0.0;0.0;0.0;0.0;0.0;0.0;0.0;0.0
211;49.94054017756782;-1293.690970800002;-1293.690970800002;89.50718456354423;-592.8852495867291;0.0;0.0;False;False;False;False;-18.37616185995081;0.0;0.0;0.0;0.0;0.0;0.0;0.0;0.0;0.0
212;49.9407520949079;-1293.690970800002;-1293.690970800002;89.1897336482721;-595.4374432907244;0.0;0.0;False;False;False;False;-18.47056835718093;0.0;0.0;0.0;0.0;0.0;0.0;0.0;0.0;0.0
213;49.940964098896785;-1293.690970800002;-1293.690970800002;88.87185763814998;-597.98034241777;0.0;0.0;False;False;False;False;-18.563654583290496;0.0;0.0;0.0;0.0;0.0;0.0;0.0;0.0;0.0
214;49.94117602984108;-1293.690970800002;-1293.690970800002;88.55385165482232;-600.5139808168484;0.0;0.0;False;False;False;False;-18.655444166562628;0.0;0.0;0.0;0.0;0.0;0.0;0.0;0.0;0.0
215;49.94138775822008;-1293.690970800002;-1293.690970800002;88.23595523837824;-603.0383922136714;0.0;0.0;False;False;False;False;-18.7459602392042;0.0;0.0;0.0;0.0;0.0;0.0;0.0;0.0;0.0
216;49.94159917908182;-1293.690970800002;-1293.690970800002;87.91836266987829;-605.5536102111281;0.0;0.0;False;False;False;False;-18.83522544874791;0.0;0.0;0.0;0.0;0.0;0.0;0.0;0.0;0.0
217;49.941810207479584;-1293.690970800002;-1293.690970800002;87.6012313772705;-608.0596682897328;0.0;0.0;False;False;False;False;-18.923261969191596;0.0;0.0;0.0;0.0;0.0;0.0;0.0;0.0;0.0
218;49.942020774755704;-1293.690970800002;-1293.690970800002;87.28468878062401;-610.5565998080706;0.0;0.0;False;False;False;False;-19.010091511879672;0.0;0.0;0.0;0.0;0.0;0.0;0.0;0.0;0.0
219;49.942230825515345;-1293.690970800002;-1293.690970800002;86.9688378664435;-613.0444380032412;0.0;0.0;False;False;False;False;-19.095735336131643;0.0;0.0;0.0;0.0;0.0;0.0;0.0;0.0;0.0
220;49.942440315162166;-1293.690970800002;-1293.690970800002;86.65376172698203;-615.5232159913015;0.0;0.0;False;False;False;False;-19.180214259622502;0.0;0.0;0.0;0.0;0.0;0.0;0.0;0.0;0.0
221;49.942649207891535;-1293.690970800002;-1293.690970800002;86.33952725675087;-617.9929667677064;0.0;0.0;False;False;False;False;-19.263548668520052;0.0;0.0;0.0;0.0;0.0;0.0;0.0;0.0;0.0
222;49.942857475056336;-1293.690970800002;-1293.690970800002;86.02618816269825;-620.453723207748;0.0;0.0;False;False;False;False;-19.34575852738396;0.0;0.0;0.0;0.0;0.0;0.0;0.0;0.0;0.0
223;49.943065093836196;-1293.690970800002;-1293.690970800002;85.71378741549651;-622.905518066993;0.0;0.0;False;False;False;False;-19.426863388831496;0.0;0.0;0.0;0.0;0.0;0.0;0.0;0.0;0.0
224;49.94327204615382;-1293.690970800002;-1293.690970800002;85.40235924570538;-625.3483839817189;0.0;0.0;False;False;False;False;-19.506882402974735;0.0;0.0;0.0;0.0;0.0;0.0;0.0;0.0;0.0
225;49.94347831779251;-1293.690970800002;-1293.690970800002;85.09193076926636;-627.7823534693489;0.0;0.0;False;False;False;False;-19.58583432663416;0.0;0.0;0.0;0.0;0.0;0.0;0.0;0.0;0.0
226;49.94368389767752;-1293.690970800002;-1293.690970800002;84.78252331123315;-630.2074589288837;0.0;0.0;False;False;False;False;-19.663737532333325;0.0;0.0;0.0;0.0;0.0;0.0;0.0;0.0;0.0
227;49.94388877729092;-1293.690970800002;-1293.690970800002;84.47415348371479;-632.6237326413338;0.0;0.0;False;False;False;False;-19.740610017079444;0.0;0.0;0.0;0.0;0.0;0.0;0.0;0.0;0.0
228;49.94409295019502;-1293.690970800002;-1293.690970800002;84.16683406361614;-635.0312067701484;0.0;0.0;False;False;False;False;-19.81646941093447;0.0;0.0;0.0;0.0;0.0;0.0;0.0;0.0;0.0
229;49.94429641164433;-1293.690970800002;-1293.690970800002;83.86057470746877;-637.429913361644;0.0;0.0;False;False;False;False;-19.891332985381446;0.0;0.0;0.0;0.0;0.0;0.0;0.0;0.0;0.0
230;49.94449915826957;-1293.690970800002;-1293.690970800002;83.55538253350403;-639.8198843454309;0.0;0.0;False;False;False;False;-19.96521766149053;0.0;0.0;0.0;0.0;0.0;0.0;0.0;0.0;0.0
231;49.94470118782036;-1293.690970800002;-1293.690970800002;83.25126259564186;-642.201151534838;0.0;0.0;False;False;False;False;-20.038140017889422;0.0;0.0;0.0;0.0;0.0;0.0;0.0;0.0;0.0
232;49.944902498955656;-1293.690970800002;-1293.690970800002;82.94821826946475;-644.5737466273367;0.0;0.0;False;False;False;False;-20.11011629854242;0.0;0.0;0.0;0.0;0.0;0.0;0.0;0.0;0.0
233;49.94510309107316;-1293.690970800002;-1293.690970800002;82.64625156651562;-646.9377012049625;0.0;0.0;False;False;False;False;-20.18116242034268;0.0;0.0;0.0;0.0;0.0;0.0;0.0;0.0;0.0
234;49.94530296417034;-1293.690970800002;-1293.690970800002;82.34536339026377;-649.2930467347354;0.0;0.0;False;False;False;False;-20.251293980521904;0.0;0.0;0.0;0.0;0.0;0.0;0.0;0.0;0.0
235;49.945502118731326;-1293.690970800002;-1293.690970800002;82.04555374449285;-651.6398145690788;0.0;0.0;False;False;False;False;-20.320526263881696;0.0;0.0;0.0;0.0;0.0;0.0;0.0;0.0;0.0
236;49.945700555634765;-1293.690970800002;-1293.690970800002;81.74682190301041;-653.9780359462368;0.0;0.0;False;False;False;False;-20.38887424985081;0.0;0.0;0.0;0.0;0.0;0.0;0.0;0.0;0.0
237;49.94589827607882;-1293.690970800002;-1293.690970800002;81.44916654785206;-656.3077419906904;0.0;0.0;False;False;False;False;-20.456352619372357;0.0;0.0;0.0;0.0;0.0;0.0;0.0;0.0;0.0
238;49.94609528152008;-1293.690970800002;-1293.690970800002;81.15258588176744;-658.6289637135711;0.0;0.0;False;False;False;False;-20.522975761624984;0.0;0.0;0.0;0.0;0.0;0.0;0.0;0.0;0.0
239;49.94629157362383;-1293.690970800002;-1293.690970800002;80.85707771988027;-660.9417320130746;0.0;0.0;False;False;False;False;-20.588757780582036;0.0;0.0;0.0;0.0;0.0;0.0;0.0;0.0;0.0
240;49.946280728244616;-1326.7926867999995;-1326.7926867999995;80.56263956425269;-666.6224527068707;0.0;0.0;False;False;False;False;-20.6627472075634;0.0;0.0;0.0;0.0;0.0;0.0;0.0;0.0;0.0
241;49.9460784774092;-1326.7926867999995;-1326.7926867999995;80.5789076330754;-668.7064230152512;0.0;0.0;False;False;False;False;-20.7357795449156;0.0;0.0;0.0;0.0;0.0;0.0;0.0;0.0;0.0
242;49.94592531852413;-1326.7926867999995;-1326.7926867999995;80.88228388619711;-671.1345389801688;0.0;0.0;False;False;False;False;-20.80790889192776;0.0;0.0;0.0;0.0;0.0;0.0;0.0;0.0;0.0
243;49.945835199290705;-1326.7926867999995;-1326.7926867999995;81.11202221380154;-673.5192162068862;0.0;0.0;False;False;False;False;-20.87914594478865;0.0;0.0;0.0;0.0;0.0;0.0;0.0;0.0;0.0
244;49.9457984370723;-1326.7926867999995;-1326.7926867999995;81.24720106394179;-675.8986117210403;0.0;0.0;False;False;False;False;-20.949505298841768;0.0;0.0;0.0;0.0;0.0;0.0;0.0;0.0;0.0
245;49.94580523296831;-1326.7926867999995;-1326.7926867999995;81.3023443915526;-678.269007260969;0.0;0.0;False;False;False;False;-21.019000876856072;0.0;0.0;0.0;0.0;0.0;0.0;0.0;0.0;0.0
246;49.9458473884988;-1326.7926867999995;-1326.7926867999995;81.29215054753303;-680.6308032162121;0.0;0.0;False;False;False;False;-21.087646377713664;0.0;0.0;0.0;0.0;0.0;0.0;0.0;0.0;0.0
247;49.945918207712396;-1326.7926867999995;-1326.7926867999995;81.22891725180281;-682.9839947469335;0.0;0.0;False;False;False;False;-21.155455239033135;0.0;0.0;0.0;0.0;0.0;0.0;0.0;0.0;0.0
248;49.946012236069045;-1326.7926867999995;-1326.7926867999995;81.12268843140669;-685.328616745135;0.0;0.0;False;False;False;False;-21.222440646711316;0.0;0.0;0.0;0.0;0.0;0.0;0.0;0.0;0.0
249;49.94612503202625;-1326.7926867999995;-1326.7926867999995;80.98164589643275;-687.6647000695308;0.0;0.0;False;False;False;False;-21.28861553979422;0.0;0.0;0.0;0.0;0.0;0.0;0.0;0.0;0.0
250;49.946252979145534;-1326.7926867999995;-1326.7926867999995;80.8124519606217;-689.9922758506618;0.0;0.0;False;False;False;False;-21.35399261567381;0.0;0.0;0.0;0.0;0.0;0.0;0.0;0.0;0.0
251;49.94639313291815;-1326.7926867999995;-1326.7926867999995;80.62053128169921;-692.3113750679083;0.0;0.0;False;False;False;False;-21.418584335129424;0.0;0.0;0.0;0.0;0.0;0.0;0.0;0.0;0.0
252;49.94654309601048;-1326.7926867999995;-1326.7926867999995;80.41030062276988;-694.6220285915465;0.0;0.0;False;False;False;False;-21.482402927262925;0.0;0.0;0.0;0.0;0.0;0.0;0.0;0.0;0.0
253;49.94670091667039;-1326.7926867999995;-1326.7926867999995;80.18535598428045;-696.9242671790638;0.0;0.0;False;False;False;False;-21.545460394325374;0.0;0.0;0.0;0.0;0.0;0.0;0.0;0.0;0.0
254;49.946865005995974;-1326.7926867999995;-1326.7926867999995;79.9486249944188;-699.2181214759709;0.0;0.0;False;False;False;False;-21.607768516437837;0.0;0.0;0.0;0.0;0.0;0.0;0.0;0.0;0.0
255;49.9470340705647;-1326.7926867999995;-1326.7926867999995;79.70249100603866;-701.5036220161701;0.0;0.0;False;False;False;False;-21.669338856208494;0.0;0.0;0.0;0.0;0.0;0.0;0.0;0.0;0.0
256;49.94720705757102;-1326.7926867999995;-1326.7926867999995;79.44889415295364;-703.7807992223659;0.0;0.0;False;False;False;False;-21.73018276324829;0.0;0.0;0.0;0.0;0.0;0.0;0.0;0.0;0.0
257;49.94738311015019;-1326.7926867999995;-1326.7926867999995;79.18941364346921;-706.0496834064693;0.0;0.0;False;False;False;False;-21.79031137858716;0.0;0.0;0.0;0.0;0.0;0.0;0.0;0.0;0.0
258;49.94756153099687;-1326.7926867999995;-1326.7926867999995;78.92533477471275;-708.3103047700013;0.0;0.0;False;False;False;False;-21.849735638993096;0.0;0.0;0.0;0.0;0.0;0.0;0.0;0.0;0.0
259;49.94774175273861;-1326.7926867999995;-1326.7926867999995;78.65770350469248;-710.5626934044951;0.0;0.0;False;False;False;False;-21.908466281195956;0.0;0.0;0.0;0.0;0.0;0.0;0.0;0.0;0.0
260;49.94792331380993;-1326.7926867999995;-1326.7926867999995;78.38737089208792;-712.8068792918967;0.0;0.0;False;False;False;False;-21.966513846018234;0.0;0.0;0.0;0.0;0.0;0.0;0.0;0.0;0.0
261;49.948105838805866;-1326.7926867999995;-1326.7926867999995;78.1150292851045;-715.0428923049637;0.0;0.0;False;False;False;False;-22.02388868241468;0.0;0.0;0.0;0.0;0.0;0.0;0.0;0.0;0.0
262;49.94828902248311;-1326.7926867999995;-1326.7926867999995;77.84124179120155;-717.2707622076633;0.0;0.0;False;False;False;False;-22.080600951422795;0.0;0.0;0.0;0.0;0.0;0.0;0.0;0.0;0.0
263;49.94847261673169;-1326.7926867999995;-1326.7926867999995;77.5664662753357;-719.4905186555682;0.0;0.0;False;False;False;False;-22.136660630026153;0.0;0.0;0.0;0.0;0.0;0.0;0.0;0.0;0.0
264;49.94865641996554;-1326.7926867999995;-1326.7926867999995;77.29107490246179;-721.7021911962512;0.0;0.0;False;False;False;False;-22.19207751493248;0.0;0.0;0.0;0.0;0.0;0.0;0.0;0.0;0.0
265;49.94884026848289;-1326.7926867999995;-1326.7926867999995;77.01537005169357;-723.9058092696793;0.0;0.0;False;False;False;False;-22.246861226268276;0.0;0.0;0.0;0.0;0.0;0.0;0.0;0.0;0.0
266;49.94902402943079;-1326.7926867999995;-1326.7926867999995;76.73959727566526;-726.1014022086046;0.0;0.0;False;False;False;False;-22.30102121119197;0.0;0.0;0.0;0.0;0.0;0.0;0.0;0.0;0.0
267;49.94920759507581;-1326.7926867999995;-1326.7926867999995;76.46395585381782;-728.2889992389555;0.0;0.0;False;False;False;False;-22.35456674742726;0.0;0.0;0.0;0.0;0.0;0.0;0.0;0.0;0.0
268;49.94939087813859;-1326.7926867999995;-1326.7926867999995;76.18860738628186;-730.4686294802253;0.0;0.0;False;False;False;False;-22.407506946718513;0.0;0.0;0.0;0.0;0.0;0.0;0.0;0.0;0.0
269;49.94957380799451;-1326.7926867999995;-1326.7926867999995;75.91368279211963;-732.64032194586;0.0;0.0;False;False;False;False;-22.459850758209953;0.0;0.0;0.0;0.0;0.0;0.0;0.0;0.0;0.0
270;49.94975632757988;-1326.7926867999995;-1326.7926867999995;75.63928800823305;-734.8041055436444;0.0;0.0;False;False;False;False;-22.511606971750307;0.0;0.0;0.0;0.0;0.0;0.0;0.0;0.0;0.0
271;49.949938390872425;-1326.7926867999995;-1326.7926867999995;75.36550863018476;-736.960009076087;0.0;0.0;False;False;False;False;-22.562784221124584;0.0;0.0;0.0;0.0;0.0;0.0;0.0;0.0;0.0
272;49.950119960839714;-1326.7926867999995;-1326.7926867999995;75.09241369136177;-739.1080612408033;0.0;0.0;False;False;False;False;-22.613390987214693;0.0;0.0;0.0;0.0;0.0;0.0;0.0;0.0;0.0
273;49.95030100776837;-1326.7926867999995;-1326.7926867999995;74.82005874042841;-741.2482906308978;0.0;0.0;False;False;False;False;-22.663435601090384;0.0;0.0;0.0;0.0;0.0;0.0;0.0;0.0;0.0
274;49.95048150790357;-1326.7926867999995;-1326.7926867999995;74.54848834744965;-743.380725735345;0.0;0.0;False;False;False;False;-22.712926247032243;0.0;0.0;0.0;0.0;0.0;0.0;0.0;0.0;0.0
275;49.95066144234115;-1326.7926867999995;-1326.7926867999995;74.277738144648;-745.5053949393678;0.0;0.0;False;False;False;False;-22.76187096548809;0.0;0.0;0.0;0.0;0.0;0.0;0.0;0.0;0.0
276;49.95084079612537;-1326.7926867999995;-1326.7926867999995;74.00783648827414;-747.6223265248161;0.0;0.0;False;False;False;False;-22.810277655964477;0.0;0.0;0.0;0.0;0.0;0.0;0.0;0.0;0.0
277;49.951019557514236;-1326.7926867999995;-1326.7926867999995;73.7388058119457;-749.7315486705429;0.0;0.0;False;False;False;False;-22.858154079854632;0.0;0.0;0.0;0.0;0.0;0.0;0.0;0.0;0.0
278;49.951197717381234;-1326.7926867999995;-1326.7926867999995;73.47066372864575;-751.8330894527795;0.0;0.0;False;False;False;False;-22.905507863204342;0.0;0.0;0.0;0.0;0.0;0.0;0.0;0.0;0.0
279;49.95137526872813;-1326.7926867999995;-1326.7926867999995;73.20342392814894;-753.9269768455092;0.0;0.0;False;False;False;False;-22.952346499417196;0.0;0.0;0.0;0.0;0.0;0.0;0.0;0.0;0.0
280;49.95155220628823;-1326.7926867999995;-1326.7926867999995;72.93709690780759;-756.0132387208397;0.0;0.0;False;False;False;False;-22.998677351900554;0.0;0.0;0.0;0.0;0.0;0.0;0.0;0.0;0.0
281;49.951728526203325;-1326.7926867999995;-1326.7926867999995;72.67169056765965;-758.0919028493739;0.0;0.0;False;False;False;False;-23.044507656653607;0.0;0.0;0.0;0.0;0.0;0.0;0.0;0.0;0.0
282;49.95190422576063;-1326.7926867999995;-1326.7926867999995;72.40721069501177;-760.1629969005801;0.0;0.0;False;False;False;False;-23.08984452479881;0.0;0.0;0.0;0.0;0.0;0.0;0.0;0.0;0.0
283;49.95207930317852;-1326.7926867999995;-1326.7926867999995;72.14366135905692;-762.2265484431596;0.0;0.0;False;False;False;False;-23.134694945058076;0.0;0.0;0.0;0.0;0.0;0.0;0.0;0.0;0.0
284;49.952253757432125;-1326.7926867999995;-1326.7926867999995;71.88104523221739;-764.2825849454141;0.0;0.0;False;False;False;False;-23.17906578617491;0.0;0.0;0.0;0.0;0.0;0.0;0.0;0.0;0.0
285;49.95242758811124;-1326.7926867999995;-1326.7926867999995;71.61936385181278;-766.3311337756115;0.0;0.0;False;False;False;False;-23.22296379928373;0.0;0.0;0.0;0.0;0.0;0.0;0.0;0.0;0.0
286;49.9526007953047;-1326.7926867999995;-1326.7926867999995;71.35861783313757;-768.3722222023497;0.0;0.0;False;False;False;False;-23.266395620227666;0.0;0.0;0.0;0.0;0.0;0.0;0.0;0.0;0.0
287;49.95277337950613;-1326.7926867999995;-1326.7926867999995;71.09880704295435;-770.4058773949199;0.0;0.0;False;False;False;False;-23.30936777182588;0.0;0.0;0.0;0.0;0.0;0.0;0.0;0.0;0.0
288;49.9529453415373;-1326.7926867999995;-1326.7926867999995;70.83993074081008;-772.4321264236684;0.0;0.0;False;False;False;False;-23.351886666091715;0.0;0.0;0.0;0.0;0.0;0.0;0.0;0.0;0.0
289;49.95311668248566;-1326.7926867999995;-1326.7926867999995;70.58198769404811;-774.4509962603563;0.0;0.0;False;False;False;False;-23.393958606402688;0.0;0.0;0.0;0.0;0.0;0.0;0.0;0.0;0.0
290;49.953287403653455;-1326.7926867999995;-1326.7926867999995;70.32497627151457;-776.4625137785195;0.0;0.0;False;False;False;False;-23.435589789623503;0.0;0.0;0.0;0.0;0.0;0.0;0.0;0.0;0.0
291;49.95345750651639;-1326.7926867999995;-1326.7926867999995;70.06889451981735;-778.4667057538254;0.0;0.0;False;False;False;False;-23.4767863081831;0.0;0.0;0.0;0.0;0.0;0.0;0.0;0.0;0.0
292;49.95362699268986;-1326.7926867999995;-1326.7926867999995;69.81374022540976;-780.4635988644301;0.0;0.0;False;False;False;False;-23.51755415210689;0.0;0.0;0.0;0.0;0.0;0.0;0.0;0.0;0.0
293;49.95379586390153;-1326.7926867999995;-1326.7926867999995;69.55951096520607;-782.4532196913331;0.0;0.0;False;False;False;False;-23.557899211005076;0.0;0.0;0.0;0.0;0.0;0.0;0.0;0.0;0.0
294;49.95396412196899;-1326.7926867999995;-1326.7926867999995;69.30620414770061;-784.4355947187312;0.0;0.0;False;False;False;False;-23.597827276018194;0.0;0.0;0.0;0.0;0.0;0.0;0.0;0.0;0.0
295;49.95413176878154;-1326.7926867999995;-1326.7926867999995;69.05381704651958;-786.4107503343712;0.0;0.0;False;False;False;False;-23.63734404172078;0.0;0.0;0.0;0.0;0.0;0.0;0.0;0.0;0.0
296;49.95429880628541;-1326.7926867999995;-1326.7926867999995;68.80234682769526;-788.378712829901;0.0;0.0;False;False;False;False;-23.676455107984136;0.0;0.0;0.0;0.0;0.0;0.0;0.0;0.0;0.0
297;49.95446523647171;-1326.7926867999995;-1326.7926867999995;68.5517905718882;-790.3395084012195;0.0;0.0;False;False;False;False;-23.71516598179916;0.0;0.0;0.0;0.0;0.0;0.0;0.0;0.0;0.0
298;49.954631061366605;-1326.7926867999995;-1326.7926867999995;68.3021452924315;-792.2931631488254;0.0;0.0;False;False;False;False;-23.753482079060127;0.0;0.0;0.0;0.0;0.0;0.0;0.0;0.0;0.0
299;49.95479628302332;-1326.7926867999995;-1326.7926867999995;68.05340795009229;-794.2397030781648;0.0;0.0;False;False;False;False;-23.79140872631034;0.0;0.0;0.0;0.0;0.0;0.0;0.0;0.0;0.0